Cell_ID,Cell_Type,Batch,Condition,Gene_1,Gene_2,Gene_3,Gene_4,Gene_5,Gene_6,Gene_7,Gene_8,Gene_9,Gene_10,Gene_11,Gene_12,Gene_13,Gene_14,Gene_15,Gene_16,Gene_17,Gene_18,Gene_19,Gene_20
Cell_0,NK,Batch2,Disease,60.12347333609323,51.30607571776618,52.36295575186261,32.95969968281773,36.725900928081764,,62.59747341471815,39.77981219441834,59.16824460003117,40.304221374665765,50.59448122987565,50.97150881061296,31.84449394231237,43.61612877676836,43.77001002285982,49.94588392714917,error,43.13235244483076,46.4281248120547,64.95923930169128
Cell_1,B-cell,Batch2,Healthy,33.24248569430128,49.191015520162225,52.87628367321822,44.222762560815035,,77.48403596623106,67.0313681117203,71.71013668161763,46.287912424603455,47.95550729264463,29.142904120217135,46.58052299043945,47.00177704725989,62.95323294931673,43.85146848585202,49.119980901427134,47.22890743450123,33.906072010977795,48.873252863372116,54.443766829213736
Cell_2,NK,Batch3,Healthy,44.225950262205956,49.293254757233896,52.015176586449535,41.66132521126649,46.76748462999171,62.24916644284764,52.44358476162947,53.919362631890074,65.98424856051832,39.81131478556692,39.7371658741971,45.315201722062845,45.356822343544145,,,47.75214213586435,37.46880253478905,67.18057062574701,44.735079394318916,29.87244040830244
Cell_3,Monocyte,Batch2,Disease,58.5305816779828,43.233952899357334,61.24583823772247,25.285562351241722,50.152739451151426,44.94232593458709,46.02650817791521,68.7843085976826,59.96950597355876,57.92904168195327,error,59.260499219744936,57.37579408990496,42.011005341278114,51.36351256058723,38.49377661967729,29.718666774433796,48.53252708466343,49.93741992098721,error
Cell_4,NK,Batch2,Healthy,,49.63549979765678,63.625883628656396,41.273153285871516,error,49.02777887314226,46.45691795157852,33.392504164606855,60.73647694125819,50.681597131482405,66.80028101854982,,58.50186282703699,41.792759888700544,47.599125303960136,58.90952441186454,50.374825456006846,error,41.50065700723371,44.344489976378355
Cell_5,Unknown,Batch3,Healthy,65.46813619811013,37.97824120356659,40.76186450185226,55.728451986621614,37.22309674988088,36.02799454541769,61.59697642015517,,58.63216292691756,34.475605778580274,53.165615996130526,63.49492010180971,25.94042748073502,56.31404205627141,64.47506324258727,31.051064016933935,61.1061400808494,56.66459334188066,63.41475137330002,48.20961722988265
Cell_6,NK,Batch1,Disease,58.134052309109094,53.626092969898146,49.86719348050553,,56.817200527599404,57.04448011806133,38.56122496600944,46.22889237443208,61.389880074425065,,54.559094214268136,50.36774428242189,37.41502817666685,65.38473647306395,55.750739248558645,45.13120540519853,47.77111539820782,34.511477661593545,57.00063351234912,63.23027295126492
Cell_7,T-cell,Batch1,Healthy,66.84966629902115,39.002368242670805,57.19695637916898,35.89278734401579,59.084788707562694,52.20162455443954,,42.83162147639534,,,,,63.827960123119425,45.582552814686174,51.445177826584114,49.828433090621054,47.114117433672064,53.78987590770389,55.65595478658022,50.701506647325495
Cell_8,Monocyte,Batch2,Disease,error,53.628930765006615,46.880198168211514,,65.01932263617255,50.7514975222083,,55.10619803829283,error,57.14277026913439,45.72345083283381,57.05731705067338,35.8144297622561,67.2909377199897,42.58216504338566,26.97804860238451,46.452960154714674,32.7208900675353,59.46831920714239,39.240107431068445
Cell_9,B-cell,Batch3,Healthy,63.57308527369928,53.602484893447276,25.472520482917442,53.8882100033199,43.157420649791185,50.71684087771011,56.50190609028418,75.49393880616907,54.05970123162295,72.45774957110768,26.586819663239307,60.55286209393085,33.64309732081142,52.02777578310382,50.746805962087734,40.91138829947835,48.23877319253715,74.07018289468596,66.63621296588101,68.93375125535499
Cell_10,Unknown,Batch3,Disease,59.542397396545326,57.46393393809462,45.44840554616388,45.412442574415124,48.90614728861921,49.32673422169913,52.81201399771316,42.03955741042555,57.58175613693586,54.76673833050363,46.76205175818959,43.39617503908241,58.50541518895446,56.35887791189222,51.64699729820043,56.470649273616445,53.41402814234326,46.815546181938764,53.1030677358515,53.064577364079604
Cell_11,Monocyte,Batch2,Healthy,41.6735760473846,52.17526062785835,44.825692232269375,53.31831632437383,error,49.590282330760076,42.682340178982265,62.53818329279049,52.42576981900403,38.68374145503906,50.170812275306005,47.01596070697919,50.75817651719983,56.74008833454118,54.11611097115589,53.39495120291339,65.36728398158432,43.371355823013545,39.46311795856477,43.245307246998095
Cell_12,T-cell,Batch2,Healthy,41.091274279439766,37.59682725221673,38.74073334680971,54.57380790754204,39.80205367518706,39.42267506387018,52.45004694630095,42.58035935803753,25.706324098131756,25.06144375223855,36.904149031697834,57.31536464055871,57.68852314080832,51.13335689910866,39.70956507166768,error,43.10287867771595,39.4650150655134,76.3356111013706,59.817137546456635
Cell_13,T-cell,Batch2,Disease,,48.97663776103929,52.10258220520618,45.96483716258541,54.02273997951642,60.370557882692,61.20766258445647,62.472764339247576,41.02915095068643,55.071694477787574,48.688331605335044,50.66046128651593,error,59.488471671277075,40.749075366370676,45.4689385624864,39.91761803982957,51.38304021036285,,57.04698953904807
Cell_14,B-cell,Batch2,Disease,64.61731421348584,38.804290616588936,58.07334824152167,,45.67876380851473,43.23915454721999,43.753254433062835,56.92426611885797,57.14315843234925,53.995626305082105,54.81119025570371,52.01071486863604,48.16622982754124,55.260089140131,33.92061173471402,40.34910369832404,42.52705047926315,52.89859755082783,70.6037936687174,46.14237488027107
Cell_15,Unknown,Batch2,Healthy,38.85107749157867,31.668648889518543,62.14868772911035,32.01364208954594,48.49934873297237,49.87744300175396,53.20726439058668,63.243440906117755,47.437351650493454,64.82474475434836,61.41348998178778,33.434807250183695,,46.67537620990209,30.173001915029293,52.504564474990204,67.30081677651944,46.71930226347773,34.96931761189362,37.888611057545745
Cell_16,B-cell,Batch1,Disease,57.73188220315786,67.66797934937439,38.68719666947804,45.3082139295786,41.99894164624113,36.32069587888279,55.51354579665741,64.67922617361884,52.411853790389124,24.103983668669397,48.640493128214274,34.737813355861974,39.04070367519688,66.9334486430175,44.736453444664036,54.97516418385509,59.95960011489961,48.79116278830623,37.72419317951945,40.99746390227306
Cell_17,Unknown,Batch3,Healthy,46.92661498945582,43.74141801397773,45.06422356957373,36.636457109572596,56.14414081632474,39.91217452210222,53.38400454177404,59.95134567599685,,37.608508740037095,43.916443750036215,56.694460851912154,58.41809946489958,39.691667951891766,40.347184834141906,34.604555976514426,53.10254100043387,47.625402012905276,51.499685802904104,49.09756388193909
Cell_18,T-cell,Batch3,Disease,46.697552426955866,42.91448919560898,48.187340113343815,56.16402136257278,54.596040445235914,50.10993487298677,47.513718187507656,52.780234995631616,62.15607083996065,46.94979735360793,45.10668186148389,36.174147944632175,32.877927325970575,31.555354827897375,38.41521529990134,52.74911418410462,46.0987795579383,37.96922334892527,46.26268389459462,26.092422569572552
Cell_19,T-cell,Batch1,Healthy,68.98080932675796,47.562392740376666,35.44820926574449,63.06251305440211,59.54236571879955,76.9065926801839,51.627622732022004,,60.85332706683123,48.17084763550664,51.81997755056939,56.195000617465666,60.97443418890809,38.1348670326375,64.05658979350997,53.56978033736536,55.55324510939725,40.749385383825924,37.184805364776366,26.52730252563043
Cell_20,NK,Batch1,Healthy,error,39.38299342921536,45.73990684470266,44.68387335191937,47.47277781372393,45.77678859181993,67.22275649499525,54.602990174580555,53.35586827919244,,59.419906294248,66.2024876619426,41.474491090746845,45.03430722923767,49.38313412764499,66.00209552439493,64.32837297385582,43.71522300941338,48.34014190021643,55.146132192506144
Cell_21,Monocyte,Batch2,Disease,51.286607428712344,58.07024058220135,45.588925518493426,28.956135752636435,70.85245799843244,45.89478043955677,51.38447437674647,44.18896508050487,41.868865869887344,52.931413872373504,49.54907207488876,,32.02684939768287,43.68564860129511,49.68812805732414,53.041365108320164,39.8921237404044,42.82823362856122,30.71333451089606,47.30928182089394
Cell_22,Monocyte,Batch2,Healthy,54.31132107517229,64.65626768411994,52.81844296477359,52.167926630739736,43.518104767233325,57.01549289615073,57.51148087376793,56.18895388651388,40.177431789195246,54.54454429826097,39.47589195696436,45.03212454219872,41.04168485534775,41.86786496139863,28.132959083284508,,error,54.79888465107749,,54.46926440818473
Cell_23,NK,Batch2,Disease,62.6071908260498,48.4263577500586,41.6934744704807,64.48440654659467,error,50.69992252944333,29.285242287294242,46.01180977808837,40.12156956443498,,45.41143906662429,31.0265838691345,35.59214579784825,47.079355711604144,47.03621933248766,63.962083937102946,59.831526355439166,47.64635124888153,53.65106703716088,45.785479151494535
Cell_24,Unknown,Batch1,Healthy,74.65595766175765,56.31923609726762,63.55572974728361,43.58231630599328,50.38991601854045,54.67586381083706,35.97438756345959,41.668134917457,63.39154008957037,,43.63116458395527,,68.89907149108159,42.00789412188623,36.636486716617114,,59.946511283445176,43.89912025596426,55.63236901972543,36.98607064952118
Cell_25,Monocyte,Batch2,Healthy,43.23516369249344,70.15193410879753,,59.18734858990395,,44.41717876464652,error,38.71387688299356,59.77157808430334,55.12459460586791,33.63827877212472,,error,55.5021564933849,error,51.258160391553965,54.38536444660391,44.94293331472841,59.79278562216153,64.91248025111797
Cell_26,Unknown,Batch3,Disease,49.01749166189439,45.123717996193044,55.377104657374666,37.87048741544895,42.187713916333124,40.08606917661704,51.26076831861565,52.74709082423499,34.8325104058615,43.049801037585446,,34.70459444498684,28.19662996228624,42.3479474394093,46.71263763228643,28.79710222690111,54.88627075087182,56.19614135612188,34.39532238693334,58.7871134614591
Cell_27,Monocyte,Batch3,Healthy,error,44.062784207356,,57.10154236474353,55.81838410890708,36.004378584587826,57.94532552626892,58.37930453646274,33.38133387189538,48.07550416326007,30.668614191193658,44.61845284280487,55.31724649525421,63.91446236585888,33.66927632476013,60.032477161529414,52.12232434989403,41.556230487845625,48.898484827910366,45.861136144594
Cell_28,NK,Batch1,Healthy,49.4390373789876,63.657008831180526,37.646836312208976,41.88968478842326,42.911844125214074,57.10050291106098,46.67578893491698,50.100441310735015,55.59106462824819,40.42410011787936,41.51261935499075,48.025262321261096,63.90281530936024,80.63905755761064,47.629304335583505,48.635602141005855,51.39304342829753,42.94980071827278,53.30704071136081,68.90856924092499
Cell_29,B-cell,Batch2,Disease,47.44404297856762,53.008635656870254,35.19040957015589,55.504021577873914,54.08231448956076,40.78330131182524,63.22030687366853,42.612445865642925,40.53051369539954,48.88441642564376,error,49.46445201545129,55.68335213460751,53.02576633423874,57.34882000282174,54.59514913732789,30.315648758530955,50.49722137124414,62.75502793754518,45.438063208990194
Cell_30,Unknown,Batch1,Healthy,48.759686876734726,36.372569204547474,45.80167547430012,57.91979673580863,41.367858313183085,error,53.63720809834545,44.00507548572388,46.35825719112829,24.8881453078446,24.753877263000405,52.12277886105713,44.39530149284063,51.803820095600116,40.552876768608215,79.86357782713668,49.11398351139195,57.94850753191042,34.12451377504031,56.64317371058527
Cell_31,Unknown,Batch3,Disease,39.88653521805393,36.135511395489125,52.01683662256955,52.69387808228207,63.248400856817426,31.798920563187426,40.96226765534896,error,56.107579388187006,51.17853633285016,41.36684574802331,,41.19062668425018,53.097530547324006,43.66659231484347,58.74756852443727,53.05022161161024,34.58669080149146,51.02356292862448,44.291670737031
Cell_32,T-cell,Batch3,Healthy,64.79669988020659,49.047021521124414,39.1327845029251,51.901155663063726,43.29298746993739,41.27978858787462,46.38344154690122,66.25942999823837,51.10020356550405,49.41955904885628,40.51309616355334,39.90077649462409,35.337744187088745,48.39907223647313,36.969544641013634,25.699775943159764,42.08836474380785,58.558605206800735,43.53332318048221,45.945502135637746
Cell_33,Monocyte,Batch2,Healthy,53.85275410554446,53.758078354215804,error,,50.12820768583938,53.35817869753186,56.81187228758385,48.99807876173327,48.452000604473916,70.1210993567361,38.95573992630574,55.008340318469976,56.427967712044385,42.125941788562216,58.65793514348259,59.9815115744596,60.430171560678176,34.20224882025563,49.17762305038644,55.78361049810926
Cell_34,Monocyte,Batch3,Disease,53.67135051089636,20.283038150381568,42.680647772585324,39.64458997269954,63.83710864613791,58.269234071590475,37.841689292483835,51.52598632040344,35.00011872915703,53.05484486530742,61.2303012901575,56.3407495388929,31.500938589921944,48.30488394848801,65.54770948989736,,44.51488268656249,50.30070212611163,43.104987580778825,38.25139101008329
Cell_35,B-cell,Batch3,Healthy,58.176452680318214,58.81352365196563,,46.73359055164024,48.74849879090412,66.79310055708112,47.79975629743235,46.23451061868703,29.965936166701226,49.81753823486117,28.072004791862287,52.905130415473735,27.815525243530466,45.981771042590566,44.49922047082615,41.8860836699939,50.926137663831526,42.69947426096946,60.02208984195054,43.277675103253124
Cell_36,Unknown,Batch3,Disease,57.57436058280407,54.40642198779995,42.799407772753746,54.99987796727662,53.313085277029565,50.8284855090886,51.74554964634503,58.001906102483,51.86799851763327,44.11766189285588,49.30992903911269,36.82001353859762,49.967533658825566,48.920524887746005,62.2641703785344,61.076965367192955,64.7356080648305,39.03686252834058,34.55924283218312,45.90457242213905
Cell_37,NK,Batch3,Healthy,52.328829972395475,60.4131529994561,25.84721726468322,29.217103372325468,70.73751396398802,52.67276008904703,51.444158563120546,52.54207672970547,38.74121367455601,47.25628973450711,29.43786494267025,64.04390516278828,51.01310018942499,49.7207620062891,48.13396668088547,61.297139958696796,65.64671642521166,50.715848577221465,41.89755240521244,28.47665978611043
Cell_38,Monocyte,Batch1,Disease,56.9552277479489,55.6223809003621,63.46788169158683,36.53642716139557,,49.245707479533486,64.5184920711303,32.160407064224096,58.9980840240294,47.996750299327395,66.04669008942818,54.01144646209019,45.282731974058684,40.48613616830713,56.86039319452245,58.96393106526979,52.001029030307286,56.5305726873416,52.96262834421873,46.27803154344221
Cell_39,B-cell,Batch1,Healthy,43.40430678429149,39.0420039672696,37.28543710489051,51.40015771707566,34.56209166107254,38.29056266622795,50.0377715761827,,43.13466808129898,66.92205644561442,60.20849510361851,53.326331994070806,45.02022320096496,59.16121457188336,47.20308373223419,49.7446069120484,49.614624915423704,46.65292481632383,44.51454491331227,51.19469619860751
Cell_40,NK,Batch2,Disease,45.484814337724345,38.42399473134367,,46.551581204086986,42.936979158826084,67.52058267502935,63.15219472138598,56.96719071540729,,47.795405822387806,45.32953763960062,38.90097446180353,49.606329863713405,48.159180361974094,54.372977711429634,52.248961109228105,52.46285377556814,42.618098057134574,53.177752393790165,55.00558316176304
Cell_41,Monocyte,Batch2,Disease,63.22074645102137,69.0829028731554,47.008130868951056,63.30272005663961,58.62035563660736,53.24508784871119,39.982620663021194,52.26301010727351,45.118697985238875,48.167621648985154,47.28891029550544,17.779616504610424,77.20928843785988,error,39.35215517618364,51.43662527500795,60.166995376348765,53.25769585228805,53.73610942665874,53.065379990616385
Cell_42,T-cell,Batch2,Healthy,41.46314813517468,41.61025455770712,41.36956166036467,54.35191236022034,error,52.478607383965446,46.80238479841,44.900900958954125,52.80901316548035,57.60617547074916,33.56345106499593,36.63508775340125,64.00953427163356,65.54591122629031,47.37870370632069,61.01927111138559,51.51919383139237,44.984303930945714,44.37014744968541,73.6439655781445
Cell_43,B-cell,Batch3,Healthy,66.17752996918938,45.98048312603211,53.621193580839055,47.39481419718775,43.18218283289714,45.979832966216335,42.774517367120495,36.59082566431772,47.114245458135606,38.18927054276691,62.68334619894017,35.258528027755915,57.06463821525203,48.72266010915419,50.866783998086056,34.475287807043216,,49.331222190158556,61.075525459849494,57.07980777658513
Cell_44,B-cell,Batch1,Disease,59.550678304168585,81.26619100612334,62.158012458378984,46.59679999742025,51.74527555459436,43.80066428250329,43.60717397226092,54.92267986462126,63.30834916149644,65.5577321708044,,40.526300463171765,52.60750668957635,45.366639881946945,61.484093541032564,72.47451480748231,51.86286891945545,49.044409149003165,58.0747852015227,35.34779806155583
Cell_45,Monocyte,Batch2,Disease,42.63243883524278,52.1668178647028,,43.91233065503063,38.41334144602661,48.76014446383955,58.0992623307035,38.26730231976901,46.463134956774745,41.62355136752916,37.1581715364172,34.086610489067525,46.47385984543604,43.92104211921886,50.62843618907991,64.51451615927554,37.906410206344646,55.657803411318135,42.93716381433001,
Cell_46,Monocyte,Batch1,Healthy,49.920128996750705,43.86991106530827,46.70032279089041,66.22475595128135,43.84415427003936,60.85054246607308,error,49.979775985858154,52.70163833202156,61.39221152507683,32.237056462686596,53.21389285664594,49.7483453596209,49.157751911490166,54.82531870044613,50.233452934770106,37.072832456856986,35.766620586612184,46.93602624347443,62.076108886790294
Cell_47,Unknown,Batch2,Disease,47.31242032504553,70.86891775404476,43.737209582716446,58.082929776274334,49.61539863439599,37.797643786233735,53.699967420586425,61.92269921436002,61.59568134456886,60.53268333129864,41.57253583524492,47.43305188782143,46.69172376513229,38.79528168724954,30.80675253768456,57.99815259352814,48.515671126006,44.63370283556631,51.115401817673764,56.299651550182496
Cell_48,Unknown,Batch2,Healthy,55.43715045558929,59.3035045541948,58.16842886116679,61.84907306132234,41.06337481554755,45.17505437457501,51.02244289684103,63.79378099152365,46.325402430278736,27.922313757893757,35.11599477641058,36.757077142247354,52.53848872764541,54.05761524458033,36.32033624968281,51.61058159868064,27.501031994047047,37.25689144005758,48.95392530288316,55.79749023041937
Cell_49,NK,Batch2,Disease,32.65332484841913,53.96062179019842,57.52683877375361,49.15749904491849,36.79745374792771,47.97805623389653,21.546827409343496,42.61411310159882,62.225306829400346,51.51566471423738,56.93121304236894,43.150593686961365,75.60372395589725,39.04877351343629,53.34947425531057,error,49.99191114292136,41.96531527561027,47.18030364733873,50.60329104966205
Cell_50,B-cell,Batch3,Healthy,58.86314644595215,48.735441223897716,31.895181036412946,68.59053918383248,59.12206825166658,41.92424709044342,49.58352404507759,,66.36975418929663,51.23753311553801,54.4006712395953,57.79516259881751,62.242166528765246,58.54719475406261,57.32442538519496,43.89989358210731,51.463276932182865,54.62742952117036,42.68603408357935,46.77493749704441
Cell_51,T-cell,Batch1,Disease,23.057887385927156,40.758686341574865,50.42930681265788,54.45723429021042,33.172537869485865,49.92503288060023,47.3044362817918,49.95242069818218,49.92379330106834,45.460030945370576,41.463334529238494,49.39012616531617,41.05272413416337,57.371827658032444,52.17802976937458,44.408254062700706,50.10805729413914,46.55831638116856,53.90541484252709,
Cell_52,B-cell,Batch3,Healthy,46.27059566858927,57.355903910745255,41.423859669785784,46.713886347310904,47.269292890074475,error,26.018709396880773,38.600165250669065,82.27229309979872,57.28627272205905,60.00807751073995,,51.45008635295562,53.71713083562141,,44.59511882606644,error,54.24752500133734,51.6704430675777,45.37988058593172
Cell_53,Monocyte,Batch1,Disease,57.769422997785284,46.25251129668796,52.04764281013978,31.156417931678035,55.19653995676225,58.14701715063723,,46.97047746672563,49.827386622442916,64.2597892071865,39.793562892397745,64.28428394353774,43.25871063988346,37.79213070231471,42.60124011520773,,58.23622292149773,44.9401510906425,45.065232201459885,44.10233187377446
Cell_54,Unknown,Batch3,Disease,51.277794146048706,46.49932998068081,47.836311923909655,50.96795159579906,54.94066748986728,45.796883684636896,50.19884319675917,31.38318667128357,51.504368091768754,47.28233468077581,error,error,51.52964115683961,60.7608642011982,60.04357257996965,44.148606297010275,58.68699524908763,47.00736433024066,49.53649903304105,54.944391891262754
Cell_55,Monocyte,Batch1,Disease,56.58314072514345,51.13553375062064,57.91562438557575,36.23846955648938,57.82861558198658,44.42324838374837,60.5469355004917,60.63307664360903,52.104177534645636,60.53294656876137,62.94836468979067,50.67542598470848,68.5141880471079,48.65215544664997,51.6201238319804,50.89527458063506,62.236254899518,46.701435028881676,42.0461421268236,52.22044785914875
Cell_56,Monocyte,Batch3,Disease,,52.86506560214351,61.82982937907897,42.38772703926103,26.40624309433165,46.863167092601145,49.48358941578463,58.25020925238097,55.539801630479325,56.33653489536804,58.57446609294921,42.49645376085894,59.35325815910696,43.09349029441258,47.01864203167137,61.858669063974546,36.44040938958976,41.25817961799741,49.0014466266525,64.82870769051193
Cell_57,T-cell,Batch2,Disease,38.60158199628886,60.553874612462025,38.05940276533616,69.66228647328705,60.648325997495974,53.599528955094925,40.19651791797689,59.130458054132724,43.705885162044744,49.17629595370607,63.517537522653555,52.10593146280595,51.70475193021271,56.28051713902458,55.069306208874025,45.214588369076,57.43194394990027,55.44227114884942,54.86701418575992,50.845874943676925
Cell_58,B-cell,Batch2,Healthy,46.025153137610474,error,52.398935601692365,57.617636912374856,49.88212294800344,39.699806767259005,53.6578959557886,,74.04052412829947,41.507099477139235,48.71845961576258,33.34829410465262,55.094813359150216,39.595026438767164,53.41116324852245,53.21778339441837,62.8940980901599,38.7392559274815,67.78300758368844,53.100170769681085
Cell_59,B-cell,Batch1,Healthy,70.09111480649685,47.71179966273068,42.26423385404321,53.247651371343636,45.55216205289071,47.44414985315138,,,66.43446523087687,23.63362831702962,59.51632996677617,34.64187440647233,61.34964060394957,69.95775097805802,36.62344534722314,57.10553747557619,55.65746717797491,49.200236780003436,,56.512100949735355
Cell_60,B-cell,Batch2,Healthy,52.070604909839595,26.791227566365357,48.27152708662096,47.22539570874037,66.44554443897118,44.37526241204468,37.2511253452369,47.86746465038999,,,52.230196780125354,63.258372970583295,66.90132490812245,58.58602564013202,54.858869458290314,39.374409380544876,33.561213847350174,58.4502437398604,61.410474518036374,57.76558768749962
Cell_61,Monocyte,Batch3,Disease,error,55.85279213151824,64.91965759892312,37.685319749341254,33.63414786055288,59.151763399148265,57.01529665199083,59.14049941143439,34.623686957884956,47.639370742129785,52.54953969152662,38.41595771956937,67.27529652364488,70.217364695016,52.11202115172471,40.62870454024148,46.10569629370367,45.968098407621746,60.39354931699066,51.15415820526737
Cell_62,T-cell,Batch3,Healthy,28.12913583926907,43.904180950419544,43.435640888708505,38.68560859312509,46.113339874968126,60.571577493949945,52.40070825752625,42.46335693986891,58.078557197866445,46.60098548469665,46.685965259551985,61.59463264079643,41.658927538999095,43.15036901385524,48.99001324236593,55.36117175944513,51.93535277939686,49.407416033679766,35.25066986425327,52.00913367094429
Cell_63,Unknown,Batch2,Healthy,56.56444396396866,65.60103901494396,53.63431149906649,36.05698254363216,52.23533985917482,48.61140176417224,,53.465411654952185,39.85475266262143,60.02118777888131,46.06317271003897,58.80249799730876,47.88881255936123,65.37877129319227,37.352846296915985,42.678274277945256,50.184062134315774,41.61831391895551,68.71858527797804,60.08012840816275
Cell_64,Monocyte,Batch2,Healthy,46.14106431274803,56.30070463151207,39.41797673124171,54.986226270731116,36.90189041827473,47.491548359394876,48.41606766390183,66.82116098088181,66.11853242855433,63.31867124657165,46.25925143284158,49.64456344484996,60.70994745354094,57.300143960330544,42.875384926748445,28.70393530877952,61.77386541188889,55.87038950200933,42.89936452612723,61.056843938009735
Cell_65,T-cell,Batch2,Healthy,70.93068047278973,55.11695678403752,64.13050978743597,38.92529069038967,68.0411360715983,58.40216825769269,,,45.75101726391285,51.35908982895709,36.670647279184635,39.844991253428404,47.941007252154364,46.35067105432404,58.91988329039081,45.25263783868834,37.06586462521736,59.664422250525,42.83840801533829,46.380829711082924
Cell_66,B-cell,Batch1,Healthy,46.44697356190275,45.76373347765051,46.93938441981616,52.43455474160698,56.41748196743293,46.3370201116561,44.8173419108416,50.86698670960391,61.10176108218401,50.18410452478962,72.54732320223125,58.345686417379625,50.06106932187528,44.06279062866125,,52.146543874472606,44.575350818019075,55.51120576028118,54.69614759431063,45.740972714590775
Cell_67,NK,Batch2,Disease,44.39184351519992,53.31267524068083,35.242050061988195,error,41.72308826814495,45.005124868733034,59.49472205858648,57.36639912676283,43.04963140599165,47.04039070866117,58.04351708944786,42.15119698144716,51.17059930540335,59.96210578845388,55.94012281340838,29.129907455598158,44.70473517635791,34.419766788308834,43.17206123698452,47.59974770340642
Cell_68,Unknown,Batch3,Disease,63.98947332147441,,43.729255633408144,,55.05441984838824,51.1339239172223,53.406878798649274,49.158943224483124,54.27865904165277,39.1160335757457,54.66433006625702,47.59510177882457,40.38162488918887,49.88651822650432,51.650936658299,65.8809845891523,56.226596964433014,56.24549694754712,44.91881197738773,44.028156716940266
Cell_69,T-cell,Batch2,Disease,39.533970135303825,30.15188428030322,59.03063286591757,48.62190220174063,44.971853317003195,55.618346515081456,43.96580576315665,38.58826472507969,35.19480170146848,53.97712661267608,53.32744447930454,70.03582619466688,error,53.34211201326003,56.42118812467561,50.28231001238365,40.279971253142484,53.236327203404805,59.309949794360435,48.34082152423519
Cell_70,T-cell,Batch3,Disease,64.48610277822782,42.78632220669302,60.00613869244167,46.90128983774855,50.84201977586025,61.844555573071744,44.44769370673714,43.67597595788115,37.80570767453216,38.00940458295869,38.79969297685889,50.42006622468502,54.193689984754556,46.6091056488692,39.9780297221755,error,57.20225464299219,69.74160733167899,57.51267247875293,error
Cell_71,B-cell,Batch3,Healthy,41.84731684962647,58.72625493543451,59.28182203192971,47.51379363539684,58.1586907577944,50.83933857353968,64.42799427722346,46.214589950577675,52.170142127243906,28.184946699550473,60.48284283931257,47.80799546228932,44.21874827484182,31.102766794427072,42.1236242848307,51.37018093361188,48.29205874591755,53.888636644284524,54.80029025815661,
Cell_72,Unknown,Batch3,Disease,57.870586645055184,25.30686965018519,59.83775265509114,55.12582540321657,36.59162746172557,52.99179120179765,34.54679773218443,69.77793877750531,41.24096736133461,59.15614188308504,58.8398123855566,41.63955024597695,40.5301448291961,53.168708836295295,58.35302522862545,51.78337043712828,45.486958062233114,32.49194243902861,62.247499556091,48.37850380313794
Cell_73,T-cell,Batch1,Healthy,55.94562385251978,,59.55532021456459,,50.276546624716616,,52.197712252982015,38.94959724687662,45.39106536445413,46.94049577247252,45.962980598855765,38.55726318364913,49.35007449935838,52.42023740895766,error,48.11493340873587,47.14930363852495,43.5857839881566,63.79257623055187,60.90289744517673
Cell_74,B-cell,Batch2,Healthy,63.3257722054336,38.26291787716693,50.619087110599075,48.31563430866182,42.0752938633294,53.09357821329894,46.42599639724252,35.60252331622163,50.68074808243248,35.05660121141876,62.33153107603319,,57.46009736853604,55.21050960690541,44.901150931662535,61.403812871197026,28.39148749222256,51.5861313811571,53.85010028351186,40.84096687522325
Cell_75,NK,Batch2,Disease,61.88311775802672,55.79546795878466,52.36766051085155,42.65726356793768,38.81353484628365,45.17625769349936,68.0591459447729,19.339211119841014,52.84421433205234,53.8473638058858,35.426119669028324,39.186682899313965,,32.78804394640915,49.99821856846329,45.52460222445896,39.336135032418184,34.99927016755042,61.512427669738976,60.22963452208614
Cell_76,B-cell,Batch1,Disease,55.744401501681466,42.02173553772216,35.33451668074536,52.161206061157166,56.473789013346824,43.306807892864576,59.175739815908386,50.2556341963837,45.475625074776985,47.47651170197742,54.61797837606279,45.208203730327426,52.910502730679674,72.01552094391744,67.53593804825513,47.45007802129678,65.22927429689788,46.223416934793725,48.73260802118142,41.21197708050541
Cell_77,Monocyte,Batch3,Disease,53.714284370998016,71.08471183941181,48.72150043337193,44.36884687161909,43.11733536835376,62.41742718739942,36.835765582522725,,66.83167971503163,36.27299147286206,52.78296670236307,45.89489058950292,46.394738546012334,47.26370303303189,45.854736233119894,54.20620504739574,41.197466638339975,56.22844534072434,55.87426109084258,35.60300568772524
Cell_78,Unknown,Batch2,Disease,45.5474494939292,44.235816018375374,,64.1678344249009,44.30645839709674,37.26214889225898,56.11708297395821,50.68812086706163,50.06119275855232,57.31540959863853,45.86923604740108,,32.52855981195178,34.61616950631917,44.13964754739914,59.90201092352166,error,52.38848283812696,41.412317075047035,58.001636150727506
Cell_79,NK,Batch1,Healthy,45.643003527655814,42.008566693315935,43.45312440900334,57.136667266690125,46.39186440201453,70.66191062599202,60.78786113647663,47.158869815705934,59.28652894510975,53.08827419840084,44.97216128640734,40.655993881073954,45.70388629134227,60.42979333368555,50.594835155597885,34.31812486112962,48.24611515064441,61.84103610156864,50.85681465620103,61.751164671369054
Cell_80,T-cell,Batch3,Healthy,54.56375913309454,59.16420064869668,47.503687654940116,70.24000619400346,41.63727750739088,error,47.125308965911394,52.21799443467064,49.4010995742564,43.322471248440884,39.19858059428307,69.46043681112293,51.87434299595088,57.07522610601818,60.93960958053206,40.96458783615901,48.54944445594165,41.84521091166463,42.65455563354823,45.37592700025841
Cell_81,B-cell,Batch2,Healthy,46.486005593730084,37.92235826420778,53.77647971783567,59.84503093909355,,63.66994103621462,54.233544396482465,68.05616915553603,39.09358774280497,58.46702606368539,,57.359636495879116,51.701217976569524,49.71400080783633,71.48477048649693,41.90690943803948,34.937124604634164,45.615869691393236,53.10182819012055,60.332572002285445
Cell_82,Monocyte,Batch3,Disease,59.14184096725165,55.53221594000078,55.030230793780916,46.903850513167484,55.7980921849222,45.017593181851204,48.26573976408342,55.6104521228012,62.06300347402441,error,43.42453197635011,58.27650187151205,50.194131827839975,43.078369335046176,74.77611200293308,53.02518771481192,40.629012413289416,42.87454517415077,53.987782102095885,34.51986008130352
Cell_83,Unknown,Batch3,Disease,51.065540914703945,41.164227003449604,56.83130557826898,76.8046319950416,44.22290567633013,50.64974960309828,31.66150646164033,59.20794595145711,,46.81796596489776,59.45872940164397,45.223277236068455,53.05673125258205,59.60840477674087,52.62563378648077,50.525516845189706,70.35859330315289,45.04358599179633,50.761749876777316,59.41759331819691
Cell_84,B-cell,Batch2,Healthy,59.90513814280739,33.59092523087553,45.12168921145144,45.17489040008475,,error,45.24106607110051,,58.03204013660241,47.65234823725153,,37.0447110943264,63.46236125704314,38.07082842127572,69.66721265756681,49.658597272371644,39.9082714990208,53.455450420341286,34.37338948326742,32.84283556647176
Cell_85,NK,Batch2,Healthy,39.041982513247675,30.28411051377,59.235546404299846,57.68757245659363,33.03653694492046,54.21655550675768,56.315464542030774,49.24227500337939,60.822959036911556,48.73566014013113,60.66065832629664,54.229719204496455,60.34009684143935,error,49.64104517131221,error,33.72014863879892,57.01444825726697,42.08976760781515,57.95068074556441
Cell_86,B-cell,Batch2,Healthy,47.851054536213496,55.61961976803279,55.705611528292174,57.55967801213658,61.77556763242366,49.07276946680235,47.05641563042671,58.9884711979678,49.07662495052442,68.30364374827481,60.31677442828695,36.19023476858552,52.15690836605283,50.81395953885473,57.0774161546007,25.935874037649064,64.41580350415487,45.169335010127625,64.10388863572496,51.46703075054758
Cell_87,Unknown,Batch3,Healthy,62.798987716371606,37.37913159037551,43.302405048499125,53.75284722456456,48.70203280692159,58.20012078777575,31.511850294862906,50.06299907379769,36.0215168727606,64.36856602136147,,43.94712168057998,63.29410537023277,error,42.171370495048144,52.02991187814972,44.83870247395163,60.68302517146204,43.9953149290269,47.034448976964455
Cell_88,NK,Batch2,Healthy,59.358269238494486,37.52566763155354,49.6557682278898,52.979726130805204,37.99576279987685,48.691670307218246,47.62230569001584,42.937880608184265,35.02473658436225,,60.37390273082492,65.35605001535839,69.32710344090762,37.83049484340102,56.411513441880004,41.576501543850945,error,49.62183998690831,53.18591992731556,48.88076691154088
Cell_89,Monocyte,Batch2,Healthy,50.04641947185539,53.11304641506276,49.56306547730994,60.61375030033645,34.72033651878149,48.75597153000052,46.109399066496,54.678963491688556,63.04136033639943,55.09937467667659,50.75734663481317,63.489856580268736,63.310958931316314,44.59814022825633,48.28410583484906,,42.65675004986041,57.00841805564678,51.52813489564149,43.768534223974235
Cell_90,NK,Batch1,Disease,41.12891480476913,40.1951145004831,25.990787921404582,35.556017627828666,77.21248042070252,37.681127231733825,33.909291477187736,33.8983987406499,error,43.72788479563859,54.70428443220847,41.06683812365959,44.035328224921884,63.10261642225235,46.13209614391204,60.77181578511846,52.11396625157029,70.22234840299092,58.109111667302045,47.804952433019245
Cell_91,NK,Batch3,Healthy,61.08131521968289,62.81377654048471,56.52191514075147,47.50535400259859,45.401814295377726,,50.61403833347106,56.99772445639281,40.37648230205359,52.29392110246492,54.67516042056237,42.665244953396616,62.25452183385535,32.20194049981146,49.86636599544397,65.54561411982058,38.5108220242017,58.45267455753215,45.52257122119786,43.58782553179084
Cell_92,NK,Batch2,Disease,51.534602776753836,60.13838241344578,40.6951564602144,58.65005823579528,36.849754608982884,41.585873013846246,57.23289154982268,57.81747482578051,59.97211895470545,57.26843556047117,error,42.71212981102554,49.89966194579176,42.73675938886291,57.103488166023276,45.09769223705936,48.0191063396273,55.03665732502612,65.81802589547306,49.944846974847245
Cell_93,Unknown,Batch3,Healthy,49.63029430221347,49.17957840046945,35.207123913399705,58.19035055214496,47.72935309161153,43.98579541233402,37.27159507485857,43.88150741233753,46.26719407404326,58.557328506470114,51.31563931956298,56.59442594737975,45.45118124839078,56.2519963405825,62.201132658847754,37.91684053940394,55.86278792087191,,38.52810403783708,57.60407979828679
Cell_94,Unknown,Batch1,Healthy,49.06646855909531,56.56683971839041,49.61930524518584,51.5141103500942,error,error,60.66217795271769,45.04103520964764,48.92693560766398,55.491217616056616,57.229442459994125,47.09147908654734,46.6675110426158,43.121273500422056,40.927046089788576,49.913941769437045,40.188552164130414,66.93159775090523,38.61394457152018,42.51818962556777
Cell_95,Unknown,Batch3,Healthy,44.99665000596484,44.678270383313695,41.10657043514803,48.422489949002376,error,53.46278658528595,34.160232235946296,66.9489615906627,38.09964776295678,39.603169737222544,49.26792332063674,45.23155483079572,,68.3320533954003,62.408003692832864,47.67217306074272,52.5547344634697,57.906329783096695,52.401108141930955,65.13311686008454
Cell_96,NK,Batch1,Disease,,41.84831249168006,60.00299834793485,47.65175653098211,56.758521440238546,,,,49.13935890078573,,45.543796828095445,46.19188379310222,73.21756044788594,66.95834848967425,63.119346548821504,47.90415110087894,40.51575248882214,58.64554815383873,55.49733113435304,47.654837038587985
Cell_97,T-cell,Batch3,Healthy,39.91497307321019,57.16019916231475,35.632317795680024,40.102849835245095,25.846022321366277,58.449066574026176,38.84459177944201,59.367359048742976,41.41692592388487,49.136749323062645,56.258820671382914,44.78517584015579,43.36353379866911,49.58462495796892,58.101428648591465,49.79943824014011,65.4426325608558,71.11217095348104,59.50758864909744,58.2832080504793
Cell_98,NK,Batch2,Healthy,47.490632271094384,54.99317814781437,,58.2312399410727,error,60.0737084962618,63.08991526519827,43.24373832077565,53.551304563667436,30.318726015422698,,47.463188599733826,65.65548845176426,21.389941723150724,58.38825547510443,,48.87265841213998,,47.689835139913626,54.21097606322309
Cell_99,Monocyte,Batch2,Disease,57.63028549034142,42.37737111879692,42.03375561702708,42.313534371081026,34.96784803917153,55.761873924210015,42.846637368143455,41.869656843169686,56.797305052009946,48.33621380566072,58.043959593463406,58.051837862830226,46.96586419424198,51.99057332683701,58.624747910640124,51.96414936411734,56.14491958696653,56.67421436351727,42.54764383750257,48.5245787156593
Cell_100,Monocyte,Batch2,Healthy,69.66405116880205,42.07191630923505,,49.37431695019491,45.75906385711107,52.76197085988029,69.50494965479403,53.71421745151978,50.529228102584575,56.13599958607551,41.613663450161724,47.09707317876907,48.830626239175196,46.01521404830411,44.63549230207905,46.015590028914495,45.21410684367345,43.21774320135407,52.658868841698315,58.673019083341046
Cell_101,B-cell,Batch2,Disease,48.901020770679736,65.24211144817936,52.72703486919251,38.97608559106466,66.24283336460435,36.947311311900926,62.55045836200704,37.25730223829086,53.155841652359896,58.50522008604398,58.09752057210276,64.88484900158316,56.57477361631399,26.880590495180687,52.54814908201819,55.56971477324145,67.03932235516766,48.01030973414762,54.732224317154376,41.270559481642834
Cell_102,Unknown,Batch1,Disease,63.19703910967279,38.69995825696483,45.901047389686035,42.03850965991885,48.314690411112856,34.818756136862504,54.43490312649725,65.23214044913207,43.91313310423412,49.52362825882394,53.12121316368358,47.31855180495339,45.47532639636673,39.04543749626317,35.26100541805685,47.64995885338648,61.462876339439674,42.186660931621816,49.54037676818032,35.97746090027299
Cell_103,B-cell,Batch2,Disease,,48.98434634481001,32.33485607988189,,,error,47.56314566277859,50.14901679526755,37.19974204001002,47.28328383839858,49.60303307367671,33.93299431898561,41.11763137740682,47.987782287139815,46.536707403444794,35.77052835850928,61.963461799225584,45.644468505959146,34.55083208471483,41.95867190091101
Cell_104,B-cell,Batch3,Healthy,41.72908691458768,54.72200604275767,54.79793057387965,32.72443692403964,25.489055139540252,56.95280446384114,56.4026614093888,50.70933846091388,error,error,55.995312392323754,53.89800568333314,45.292820126115075,,56.49037354601282,44.51583899419489,52.47072875832899,39.45564019791648,54.82145179658797,44.72420876087176
Cell_105,Monocyte,Batch2,Healthy,44.41687775593448,59.64519075913215,52.40268533783772,47.95375646446644,48.95013129039337,47.237022002580524,53.915097521615195,46.708580658631796,47.499521442064776,,29.899462160084838,55.50690246202974,51.052508628091964,41.61598581890839,57.976300769770425,46.16209676960004,37.46632954978753,error,45.158529217127445,42.149774457566835
Cell_106,Unknown,Batch2,Healthy,43.523990128773136,33.21384791566645,37.51329627472224,,47.37273785064454,39.51127178424865,54.65914656605894,54.389461585884185,38.83722742025508,33.861405932776165,36.73978718232577,58.38171403194548,40.877004132153964,37.255287967923785,36.55670860480448,45.12842676796427,error,57.22949705178914,51.68138092699859,
Cell_107,T-cell,Batch1,Disease,,54.29604633608074,51.98299518906752,56.88604651833485,48.37905800555832,48.922929918992544,63.91931483004292,72.31508792382442,51.278420535038286,46.890916781237806,36.1953505128494,44.97140410938898,43.684440581041144,59.354714975719446,57.569373611534246,65.50527862754807,,55.90913926740489,46.72952066884861,45.74978375971697
Cell_108,NK,Batch2,Disease,34.125996627309,47.12924482789932,40.199660538287006,43.160908650178484,57.21997596961382,49.13559433258192,47.19973329675777,45.13371429253386,33.673536864335475,34.73403801759707,37.05261546514406,,47.79664652487628,46.024463702490266,45.548828877916186,58.80518705591713,50.20275897105212,70.29468417884408,error,50.056641295205445
Cell_109,Monocyte,Batch1,Disease,55.117902191266126,,60.66316879651005,43.048697081199606,45.61005202518331,52.41627207782916,76.30742452775024,50.568174551910154,66.63608496212365,error,62.41251030909952,error,37.088110048292464,49.59962172499052,error,,45.29091291679728,42.15088656252113,45.52574469242921,34.83250583491477
Cell_110,NK,Batch2,Healthy,35.55927971781411,43.03791319018049,error,47.594418043817726,45.878724290597134,65.3863264537904,47.81191069839839,,66.75155255037566,62.222462046014144,46.95860434417269,50.34142311733222,69.41099029885297,47.19086229377939,51.93450045574877,45.363207748829716,32.98851516118299,27.450039366748516,50.05962550914863,
Cell_111,Unknown,Batch3,Healthy,,48.36455454471498,54.018900302706534,47.291044368670484,45.77315130410703,46.648126622709086,44.18535784641568,44.243205557544485,49.64582315208861,64.86104811783784,38.619985890982036,26.754608111244245,51.06314427387465,48.03208320792854,41.42422303621569,44.89324846898325,54.83763901549349,50.01584528327933,68.03980029449038,47.98885411263726
Cell_112,Monocyte,Batch1,Healthy,61.185862064806145,45.60047653692624,34.61553748374148,49.654788503284436,44.53541670799537,41.473916381349,49.174923955476004,40.80336128993784,,70.45746277702027,44.403747065366055,34.777883000478695,51.99679204874812,43.30003448793489,37.913627781681214,52.088247759612536,55.40011071012504,64.31314987792041,54.3147866432747,56.04410045785565
Cell_113,NK,Batch1,Disease,42.86300242159093,61.69893072626498,44.434362528684844,,57.40668957727254,46.24501678043132,44.00244614152382,49.856729923932214,56.52842781869968,49.08598175805162,56.737423658267446,51.5168839793474,,58.262395391184185,error,66.44586474805037,37.373837659238816,35.12854657419781,69.63862647593385,47.7458498983236
Cell_114,Unknown,Batch1,Disease,55.74372814301232,58.75031582146548,44.442652627095924,52.943604063915444,37.93735992351684,54.562773731286434,47.42379140556691,43.80607598784578,error,50.20090435824638,45.335978976118135,55.856745705537875,,45.4945086658101,64.71338708977751,51.98588902324875,46.448450180776774,49.47741988096583,57.02948525980475,50.670726374830515
Cell_115,NK,Batch3,Disease,47.169638084227664,53.027264556108705,62.7009061662415,42.32568750214718,60.17612891799686,46.79523415654789,44.24278128774947,45.45014954331319,49.96572102753293,52.76509971216549,54.660136949360215,52.14896755062634,36.63250831051735,59.045246370993425,44.04428660785864,51.91809161349183,42.47256397662226,37.89944485444554,,64.21113805391194
Cell_116,T-cell,Batch2,Disease,53.4134337782161,,error,51.0505830320637,42.38774818818169,51.27136211390762,39.273106081303084,39.78288323900987,58.79737210359307,47.81171726525223,60.07620552993077,60.565834215532256,55.88330187360785,61.25992411099619,43.90451025631772,67.63857895089033,45.28839463643622,55.389115599974076,71.41393963644083,58.624259541790494
Cell_117,Unknown,Batch1,Disease,59.392461382655384,28.39282027338856,,58.32712609589049,55.44883055134089,51.73395914530355,55.73338525171282,47.27701393255574,51.57410597683969,38.506057777457464,50.45970875145509,58.62454334621451,59.846023422517405,36.48243334863962,,50.94518124611308,53.976843499691924,49.09826224191785,43.994589231405165,37.47708885743814
Cell_118,B-cell,Batch3,Disease,,57.23207557576544,39.87478365668832,45.227734515736266,41.748495384535985,43.32522834785342,54.409764272747566,38.61537510053244,49.35350254176305,55.959368318172196,71.28235146546078,41.54374140563076,,49.647177035064466,42.49158885544013,55.727225481685714,48.81043613437028,54.81456822570942,50.107671935168575,54.077003193612555
Cell_119,Monocyte,Batch3,Healthy,39.2187180073841,45.661034865752214,58.65339712464502,46.750087730290616,52.43161855108942,41.9194117254762,35.197030735802855,49.843380750348764,error,59.320632719893794,,59.121941007508866,53.81887450604623,61.339014157977196,48.07001038241958,48.295732936733685,50.54902314494143,38.31480790495737,41.04882099227446,54.37707563495122
Cell_120,T-cell,Batch3,Healthy,30.337118121538932,37.90377595508865,43.00271939429993,46.690637561395846,38.26917638666002,54.033353855436815,46.16170106609942,56.214972892511405,46.53635712064455,53.976781367302074,54.13235953209078,49.49559774338361,37.56662385370568,56.769879310993986,57.715783440073686,56.35681528885201,41.74851908740853,59.72732347094855,29.534003894010652,41.87280650713619
Cell_121,T-cell,Batch1,Healthy,50.99911042568887,57.77336410535715,46.69638555777479,47.60577625721408,38.420392602628574,44.36850812288683,55.55753345784103,50.96023585577576,39.78703173839904,54.90395741374215,53.053847578758734,54.50199661858617,58.60448156821029,51.506831192177046,62.536807029000535,42.00518993876447,61.50965522713978,49.9445566924142,39.26589056272906,61.2507236416721
Cell_122,NK,Batch3,Healthy,33.37301759536524,69.96188214918001,66.38239470243454,58.724554906452504,47.355120180742,44.99052787097008,36.20703509921573,59.437939861652936,63.464379943590274,38.78385027845157,50.78855187996354,,58.45389239879558,64.19118194005141,52.067764158991416,36.98490835331627,error,44.71707294772261,52.59865501047447,68.24746862404913
Cell_123,Unknown,Batch1,Disease,50.826206645565,47.611642865947076,34.847406360425325,,51.86993981414796,52.59593994919473,68.42910269488107,64.40205675246635,44.24981807521013,54.20404119106139,25.404757470335937,40.80706682087123,45.92971660066407,36.34243382420678,47.73768771700963,38.326937334698826,26.607366730122305,45.59087586467621,53.09533759070463,47.07374301183349
Cell_124,Monocyte,Batch1,Healthy,55.040961061424866,39.58033350316972,,45.61665628129549,63.12697529931416,56.48337777098506,45.433698985710464,64.62390283756585,,46.82366110120095,62.89103876149818,68.04693586706608,40.31032339124208,51.291735232017594,39.64951961664984,49.19326309515302,37.98227346354607,57.56478697152895,60.66933079572844,32.51864766406159
Cell_125,T-cell,Batch2,Disease,47.943173387075944,53.04571137723666,53.30848973981083,59.38130246337903,45.77451381340388,,,64.5510494161759,50.875760354572996,58.847355889156546,,,61.91884857821,44.45827488637259,,37.79915158936303,52.166189487690005,44.226197148334414,60.32631746974964,error
Cell_126,B-cell,Batch1,Healthy,44.147383002961504,63.691143792369644,57.538541380640275,49.363210669099125,71.43635554135656,55.783529364542595,error,55.04738944317414,34.40059386607549,68.00045882910848,error,59.84336075217024,51.35868758197238,34.79812204333188,49.88674508070309,42.20665303358796,69.84545803668135,61.44660231780563,37.37183145646501,68.62977260629745
Cell_127,Unknown,Batch3,Disease,44.375611420755654,63.1014368870257,57.0767382917035,38.95112685241144,53.870090963468385,49.296715745705605,59.93008467201315,48.477385052511394,47.34443574768884,40.50794649780274,49.03205042055591,42.90937423808951,42.66396384397815,73.56989838057662,42.86084187689696,error,40.87203422964992,46.49589998738323,69.20515977293866,40.31353704522122
Cell_128,T-cell,Batch3,Disease,58.7213110523413,51.61113850589795,56.760793172076625,54.846612262289305,63.391048765377946,37.353094801160914,45.71293150845713,60.477259509701575,49.602503236828895,47.38954808827721,50.11468442453964,50.517896821442186,error,40.815496233434466,55.65028929465348,64.58659845164382,52.264065418667826,,55.591931006856306,47.45679286617009
Cell_129,Unknown,Batch2,Disease,65.08091375418554,24.712863901910453,60.873168128017554,33.65073068521324,51.296939724142085,32.169376085025924,error,54.6096776314463,43.41023201649607,67.30127595096666,40.65654381096991,41.640150649231806,,38.0031333540201,51.57764933065533,52.312919948266114,,37.78635212370247,76.3519141326207,52.955953996809654
Cell_130,NK,Batch3,Healthy,49.63885813570789,40.80116664634825,57.245771266424704,57.927012494496424,44.29156738030814,44.81662134271982,37.095855301505765,51.654908566471,45.37242034063991,37.63292543557699,55.29242524094085,57.1528683817918,57.58763270093929,53.27261994196094,53.75538403388187,34.55628141265027,56.42139162673725,46.25492759725734,58.444491824705054,60.197462100800934
Cell_131,NK,Batch1,Healthy,73.80007149207762,42.86246112456521,58.01467896477193,59.85178651926441,45.41669116728809,75.06263027578888,54.8956847499485,62.72428418949302,69.70120820695271,,37.4222845349703,62.860464094810396,34.4949454233033,52.152978580256956,64.44938472834772,63.686840493402556,45.44385253907553,50.79806650543797,49.84745395698252,56.98990215650002
Cell_132,T-cell,Batch1,Healthy,72.48693874762674,71.64634057125122,42.404420990015204,57.511985216111555,46.30580667738488,42.69748653371288,52.34026356956849,52.96609621628624,63.48779714641868,47.06519094113688,54.35438898019609,35.82487064014377,57.26419718489742,47.62330391378527,50.4824939836551,63.111686767476314,57.869150580859966,43.13598070629298,61.85798318246205,44.855664515905154
Cell_133,Monocyte,Batch1,Healthy,45.95792413753215,54.38278127334575,49.92925991223875,39.90915189560901,41.08665182323513,48.00008403134876,52.188254019253435,62.69475841044281,49.731385550093165,27.600454954505082,48.63010871580259,49.699367803575555,60.329073918975205,,60.3358313444171,46.438654008621704,60.54563226313458,49.49532533235308,52.686329460646434,51.98886536892532
Cell_134,NK,Batch2,Disease,71.735958088063,76.66152229608848,47.48738198078074,56.044150153986315,63.050035951247125,40.37094946587193,60.34579439494385,54.27444722010161,47.37606598949391,41.27810016098393,66.8413206129842,66.9152058708535,37.743588561037065,66.48451771065032,51.43850919416121,30.17533529736129,48.122902609756885,,48.631268616259014,52.71868149190257
Cell_135,T-cell,Batch2,Disease,65.68979884259112,54.00104207258765,error,51.3436351439939,59.992491449989444,56.188360533230274,45.21676793097145,48.85749565724886,53.57956068637438,37.0100435813621,63.938606317215374,32.85876447226529,45.84942083033733,47.336358426036085,47.1270828173517,56.854773310626626,48.368426142397574,59.61113984534169,54.40014375792672,45.14397426409798
Cell_136,Monocyte,Batch1,Healthy,73.07953891309074,51.924035731915566,44.661641154608645,42.81599096516845,63.18740983312606,46.794748196546635,58.57503911851578,57.64870296891253,36.52170031484275,46.79929355529313,62.60680231351408,31.420621850757588,60.59639463855059,51.6819336624171,48.97903935275538,47.66542205158668,55.99883787811832,49.39491189385239,58.96481056839108,44.62228086463473
Cell_137,NK,Batch2,Disease,40.13272918275032,51.639055937960286,40.2494666056393,67.56848674279703,47.14489027332581,error,39.158033350664894,39.963860047910046,59.4346262066188,50.08413964175899,40.55871637703993,46.2475424548225,53.873991869151226,,37.62926406896136,44.287170779865534,44.77023078805245,49.72401460149828,46.19427473782137,48.337949035037774
Cell_138,B-cell,Batch1,Disease,44.13520618664998,,75.93999302351781,58.254876003388425,59.470558714509096,37.19019383765328,43.66906898575248,57.5308158548635,64.27486886499491,53.9388219455581,53.70466927447086,43.24221808532591,70.04785825669873,45.61112287211719,51.51591241660169,46.76295040335513,44.39632630187148,49.79694798356517,34.81936592095733,49.9666418866813
Cell_139,Monocyte,Batch2,Disease,55.55779015718352,45.34897922817939,37.778712771184786,57.47211751445266,43.37730964096745,46.722110327138935,40.88631190287026,47.611701836281185,63.612928202183596,41.92343231953427,47.631073598487404,43.89675841723994,58.29619855235842,48.88160719407404,57.49664042559451,36.10731713177587,54.84941002373578,51.96000144718464,38.286772837438775,39.55634579072222
Cell_140,Unknown,Batch1,Disease,51.71003492258667,42.05341782820972,65.55065867804448,39.435129445708824,67.84138087722397,50.38839615902589,50.48618170079528,33.90558370494849,47.01609894771422,50.89361699563682,41.61418647806207,50.0679982830286,32.463290751904466,53.144347408030356,58.26847487049031,43.8439978983126,39.55687240060847,58.06873106488453,67.12184807357698,52.689101830792765
Cell_141,NK,Batch2,Healthy,38.46048877343844,50.78332588365173,53.247012955114286,37.17290013201192,51.28266313169346,48.13933870373725,73.450441453736,48.46004192470281,46.81322189190276,53.37118964576608,66.86815214843189,37.03771968694625,error,38.63642188236738,error,51.93684851244898,59.69461435969049,49.16719677880309,32.20451382257015,37.869696721154845
Cell_142,NK,Batch3,Disease,59.85595137636099,62.926509595753195,43.22365209747798,65.16364747883148,59.492435342610406,76.23039890730482,33.08755029894078,46.94124255077958,error,49.49831328396561,46.470005724531354,58.746721661655,63.44928376384349,41.43255438800898,48.853471251625486,33.1793003196985,28.21332651587037,51.75900539313777,45.100213943730715,error
Cell_143,T-cell,Batch3,Disease,53.4571453619723,46.4092581188402,44.83941029209405,53.828565312200425,46.25720788408302,53.193243945531115,37.67343265837665,39.501276977324295,58.91737965078538,54.936135242077256,51.268548113205725,52.1277418314908,61.36326324027704,42.37613537966955,67.67084527565348,54.21730833749423,50.10170920596503,49.8941584851502,error,31.254002300968907
Cell_144,Monocyte,Batch3,Healthy,62.79336299018331,46.467744214878806,48.71307217412265,50.06077880982116,24.11984511398726,41.122233394397526,48.17488370603306,56.512459823094254,61.240679499129484,52.503991871519574,,59.840849504270054,66.14577449111036,56.99857528541456,65.18263302728953,43.53710963324604,,50.749277368559504,41.85026784970853,58.75346964536895
Cell_145,T-cell,Batch1,Healthy,70.18457055185027,,59.907239027894164,32.84747852554283,61.51062701521269,63.44240511676715,33.770611447550934,62.607283428066616,35.6095534027293,44.47088755459226,40.48653957759433,53.45449578336182,47.3822567716362,33.70938713409349,,41.816391652201276,50.110324153029886,56.78089941730448,44.471839076502064,43.040792341545185
Cell_146,Monocyte,Batch3,Healthy,48.822029367859834,58.13868940334967,57.86038761440528,53.502217427952594,49.92361146621801,40.445268842942426,36.81988070667367,56.854077357386075,61.51199039358703,59.051740686953536,50.235276978691445,42.401859961515214,57.52042119350788,28.831135502661862,50.649267842109694,59.260150532149986,39.40564528389759,46.350781375704365,48.505049390278366,
Cell_147,Unknown,Batch3,Healthy,59.4153927985916,45.87715278351747,57.46123218337163,42.96414211818829,46.81971731485051,47.941039784457075,45.4167145006228,40.67589810636667,,45.46253371794586,50.34083880939763,,43.17333832789974,57.784173560844394,75.29292643475546,50.149698112854644,43.92956908628835,41.72574790932506,55.89044373055158,40.91830034062592
Cell_148,Monocyte,Batch1,Healthy,41.81785157034934,56.71945301199621,63.02001919207848,69.02054545487944,41.819789318414486,16.661603381228687,34.351866239617635,48.22790566098958,44.642710446947696,42.845221905761775,53.08370645864552,50.88418871284029,68.12737427363399,58.40848363386828,62.42595478649439,47.261724997056724,43.16075003958222,,53.37866129120914,40.72477664640895
Cell_149,Unknown,Batch2,Disease,48.77538730032288,44.249880918336466,48.06764473738971,48.928538121116,49.352879794891166,50.09269357107686,45.066722025426316,42.63700432484694,46.16586630566983,64.91331410352967,53.85251545910043,50.89457155713488,48.3148964657115,48.813482164165414,,42.47498358023473,48.923083143077776,65.77639325579248,44.00076050088845,62.02134510990783
Cell_150,B-cell,Batch3,Disease,72.74389984826212,38.653531456537266,49.03101654567528,43.41967598917797,39.58166362117636,40.087522466330235,50.32743167956734,58.65204385123754,56.719319793233,46.271545752514136,57.36030551967644,50.522157259201926,44.48448786076305,34.65703907279872,44.85232582018175,51.31748270576003,58.78314621300659,47.50431291302265,41.06957433217586,31.472128104835804
Cell_151,Monocyte,Batch3,Healthy,56.35740092969748,31.538194529509404,54.1007858422799,65.48398599537478,47.240285939104275,49.3768843612462,41.45529276402548,58.986632528277845,52.481318508179534,54.92578067653447,50.893320948768874,30.797765330941704,52.89380605531993,54.3603752341306,45.02531617505386,43.73311634116146,67.43388078296836,56.79770820502067,33.12661671833325,47.70310304736628
Cell_152,Unknown,Batch3,Healthy,52.051016753278056,47.348273235108856,46.586888029463715,37.63317892667544,41.45175666249139,31.978901961850713,45.891453899285956,54.17856200855918,56.87433610694247,55.38146494377327,47.46696401219,58.67668392932402,27.01717222491019,45.97921871266577,30.88296663911744,43.11359605377608,47.92339540776187,36.23860590273213,45.14511085634645,48.168304834367426
Cell_153,B-cell,Batch1,Healthy,72.78396933976721,49.88799855096383,49.763683418062236,38.716006808560536,38.930645799146546,54.73973438244985,,45.17519113238455,38.954881635484284,36.04590337241092,43.283244259319645,43.02988173877155,19.244147290292055,51.44789328753215,27.919427567142744,63.19760072238036,43.80631885422859,56.38481671523038,41.56776154759975,56.513126590865845
Cell_154,B-cell,Batch3,Healthy,63.827652122524384,54.56339518838533,54.61849744894154,30.494314901441175,41.903733392275136,55.58979503796624,68.5790840629526,63.49766102702881,53.458603377503145,61.93198309116724,50.77778788015849,47.37313250761219,37.04691802112511,58.868871517213265,79.49773802573381,,57.346011336899906,45.88925982078398,68.36211059318498,error
Cell_155,Monocyte,Batch1,Disease,52.83678369052056,44.50675680824859,46.543598867249074,33.66987750360053,49.31506177152095,51.63363133070238,50.78016244584907,46.75825196486613,error,46.845076861182775,61.75134391677702,56.47047038530773,58.16405360508454,48.18303981629888,38.321208676819865,51.04050448496563,60.54886234221656,69.11434358569318,28.45327210799327,62.60469359340702
Cell_156,Unknown,Batch3,Disease,51.149483848895414,48.03495055675763,37.02481992658721,54.93420063412645,37.15519662717324,60.40433988637557,46.142632948668165,33.39437690796275,56.95312533444214,59.435633898726856,55.346119950463105,error,49.06788501427023,60.46713163352001,27.812338000878366,43.64650446309942,62.96303247646979,45.87079733255709,59.32247568668531,60.791494759258384
Cell_157,B-cell,Batch3,Healthy,43.274885407179,46.19023139052517,49.660464964813976,37.71564339569208,59.29697542705136,55.69586834009132,66.73278181134776,,34.97479858742634,42.53262244716665,48.635319742813024,,53.28538202195661,60.75326131575203,54.24423875942015,46.42100992638782,57.81185582841094,51.99664299500753,,21.237505198106007
Cell_158,NK,Batch3,Healthy,48.050510700069246,61.05033248039561,47.91376221120066,53.067781172230994,31.60263191634881,44.29063910843977,,39.45307947474661,41.54191518396323,59.70345421505109,,54.853214420127095,53.18332929118998,46.84026357240876,67.01651287585247,78.56608994371913,40.41566845164952,52.04721664430087,39.7929542668638,
Cell_159,B-cell,Batch1,Disease,51.30098085096688,59.974701602229494,31.943521315339826,57.92319073800265,59.94434944525648,48.844880472504414,47.88734222401907,42.372472376144025,56.17987492307196,55.83469466824108,61.660437506294095,46.90302407657848,44.38227556199592,53.072712592475575,50.23215705241409,45.09982682832716,49.543224879738226,60.97440391450931,,
Cell_160,Monocyte,Batch1,Healthy,67.83123791808984,44.84713214034579,48.18849171136782,53.54127664854708,47.551935579672545,49.155457868213155,41.20880766761029,39.94341553979761,42.701297458069035,48.5160045759824,59.40343187516346,,55.57963718966536,51.21797836605548,47.947486124708036,47.74329713926272,error,54.21033844711836,35.507250183137785,39.398762051231216
Cell_161,Unknown,Batch2,Healthy,,54.16778879705707,40.59184826058127,59.35797014585091,81.55326740795577,42.253211023066115,32.9182835139722,,52.65142372885861,52.23024333444302,68.43366125706075,,39.04290026118039,51.13627132565323,45.58751727617871,57.36064731198878,,49.12718124120625,46.6521025520357,54.26053794438004
Cell_162,T-cell,Batch2,Healthy,56.130999741643876,43.338268396266,65.91387551290984,58.86756293259875,51.743837813234975,32.135115416292805,,43.971172286029606,49.845989738201,51.517749116603824,,error,52.41687843600147,48.077975651335706,49.62636551377081,52.08512239732733,62.69412830057456,56.48205216931714,32.052619172147466,45.50032602756902
Cell_163,Unknown,Batch2,Healthy,47.11838481749794,59.00279225371112,54.89946470278436,34.63413089725968,37.82194933181845,59.88611417852701,47.1619508085102,55.27535652918868,63.55891446002214,58.05554958252481,48.59390465827156,55.77777639988543,55.34828215925556,50.31703109888485,48.708318918381885,53.5824986717355,53.33871917489841,46.937220733284875,60.38223717667354,53.97099687271448
Cell_164,Unknown,Batch3,Disease,41.96375301805428,51.65495091866144,,error,41.03445974443331,49.35358334804193,56.059753408481576,40.851144599837305,40.81888149191503,37.360592128446356,36.09862141005083,66.55286570274916,47.91405502869518,57.17198793697648,30.825937224285372,53.158238018939294,45.660475867805836,57.01320365732196,53.82964220300144,63.728845457821095
Cell_165,Monocyte,Batch2,Disease,error,51.614861515349496,67.45358948489138,34.48626932481362,34.83991872845823,43.083459232417034,52.087638548877074,43.534595282002,61.664759592607055,52.84446000990303,53.5522109876776,42.75859031151249,45.07275701647322,36.62355718781051,51.264676059962795,45.77574382115611,57.09263278792236,40.684556177962534,56.94487836111373,54.87303986527498
Cell_166,Monocyte,Batch2,Disease,42.33020803184863,52.99526845238305,61.01024392284948,46.048140015122385,,55.12137033079442,,53.1541422212551,47.97581338646327,,48.09965173283182,64.12086433724762,38.98217833108547,47.535161206522524,57.809435479059886,57.94212820464314,53.393595945498674,45.928262557141224,71.97364472509477,41.0539364112544
Cell_167,T-cell,Batch2,Healthy,41.33788632235626,60.04133491698119,64.57003395688955,39.513318882831726,58.223414972807674,42.429759367773556,30.2921559942605,51.319584110809224,64.97668327670267,73.02460134548997,55.451728451415065,47.04313253617023,56.0547833492906,66.27995813528787,33.33440253213983,49.490011558523285,error,50.896008674394,44.97546202897159,38.759573516200675
Cell_168,Monocyte,Batch3,Healthy,57.75277033952875,57.684650047972255,62.24356845072734,39.86906680739562,45.92962946194187,71.78009495960205,42.366820263121966,57.07017808595802,50.922990672694446,64.40500521256865,53.04850249264425,64.91846427414372,64.9924109598294,44.42538303013097,45.43700108557138,,54.95298346919035,43.06875442340223,69.39811490984444,29.389187765669153
Cell_169,T-cell,Batch3,Disease,46.0114654065848,39.8777071755342,54.319264117965346,41.434979883105385,error,42.7479260677244,40.64503658633051,68.66550358021917,50.10400440477165,56.452661920371014,52.0684984987578,,63.17974439771743,38.96097213425814,,43.78427619392331,54.64372072858325,62.012743764870606,38.91026728995793,43.144419156879394
Cell_170,Unknown,Batch2,Healthy,,61.0267715647826,51.84077526868935,66.58431654093035,45.72134820388973,50.04795282815671,33.29273920556125,81.7988396406839,54.6073645572606,50.57983060050539,52.35776898524162,,53.6648251550872,57.526699143830584,47.758360903655806,49.122339487058,50.15759128402651,error,21.04182827888724,58.128550097690045
Cell_171,B-cell,Batch1,Disease,52.38248861607237,52.19988260541763,30.66584541108127,59.03407281665863,,40.6949400729076,52.087387674110786,62.43531675729124,56.9915681402353,62.67718569515443,error,37.8011340512884,43.75762723396059,56.973834487765586,60.80405273542175,56.275138265152044,66.14119014247342,62.40534559201507,50.14441049341135,49.95659937650811
Cell_172,NK,Batch1,Healthy,44.0266864783216,49.80343538915871,46.56529203785709,49.44882824279787,50.57724278872282,64.30609874021152,50.8502220808234,63.105454554220785,56.76478340612301,47.26290783992355,59.56953872361024,53.74782761046197,61.21906732619529,59.895303840495956,33.78749619028826,53.605090908295324,,50.96576041178342,67.02059120988271,58.95230374563587
Cell_173,Unknown,Batch3,Disease,41.5827874891524,61.940052639974596,66.58612532358973,42.93975946711061,43.819811717265566,47.95798540749569,43.05279656772452,42.90791482978323,73.51634255715351,61.10322859389577,42.922834465781335,54.54152310791787,34.988011861886484,51.03482831228343,42.99918759038599,48.163264612770085,40.250833517073445,50.25190563606514,42.40353615419766,
Cell_174,T-cell,Batch1,Disease,46.627125455810685,44.031475979588286,63.8317518981627,48.2517928777976,53.11879553681715,error,38.17927601386195,57.765560852479986,56.12417470454636,45.49728586211873,49.53544349875218,52.39274554173283,35.702433623889526,52.38370393761873,43.93467677901975,56.185010017808686,47.80029076465865,53.70435799901385,45.30177361098342,64.81867453816413
Cell_175,Unknown,Batch2,Disease,53.36436716042548,47.835213682537564,44.04806864881185,45.60470671396185,42.615489097405984,43.234101738015504,58.94308781094196,57.285195858313116,29.400717857123798,51.2362509333281,55.29646965148507,60.4544146349,30.31979757606756,62.515196084229174,38.09650790545359,55.8333995050034,,60.89116016995489,53.35869291207421,56.78909530676084
Cell_176,Unknown,Batch1,Healthy,43.99204172617395,48.98740012692484,68.27686271122863,50.01188797809812,34.78246317105172,57.139581471238195,62.938738762385384,59.87779572233869,60.845514307777464,60.15069904015867,47.38213879165093,45.1457795081046,43.37740149742537,49.51096733985212,59.842270077216,56.06857631085839,31.236998566389772,58.18123051787127,error,57.40095974922475
Cell_177,Unknown,Batch2,Healthy,60.90193450677491,34.37929597260192,51.11133058090761,28.952949493858707,37.50667133638764,50.843920506649596,51.757018639165004,60.99737563588171,,63.235688541777186,41.7135707691507,,41.876124740250376,33.860223596026195,44.470129952705975,57.27508799236955,58.74501632997798,51.61131099232502,36.80215707988903,32.78134084197905
Cell_178,NK,Batch3,Disease,,67.37220676975022,34.97156516602901,31.80753699621221,38.1218781988926,60.36796265196721,36.62952493840255,40.887339785957195,43.6057414017741,51.41570396211381,45.687420238898184,61.1038496577827,56.714183018584656,38.538496732794556,46.40388674903494,51.55275857967855,50.21116266790465,47.51492600030157,82.58701317894793,46.59097834080019
Cell_179,T-cell,Batch1,Healthy,59.062064074064914,46.49881838965377,64.10992449603238,28.913074905041356,47.46130289784563,47.31073534000749,44.16002031932935,55.579626639185136,31.54552266357635,44.21526627472992,45.74840331119884,,41.74963642778115,48.70465505993006,,42.35194538637847,58.31362484667844,42.38946511519874,61.34998296100537,50.878377111370014
Cell_180,NK,Batch1,Healthy,64.57737758798748,60.957269691937576,54.71093312896082,45.45831722494562,53.32285359584122,44.89292509672162,60.25338274901894,57.71165023497655,56.8113996615544,49.88698770016603,69.5995709703124,37.838497456485825,46.06899560886571,58.133940983248024,49.58652200016511,54.16527213322989,39.67664569307631,52.52054167423739,44.06512653748833,47.60434448267364
Cell_181,Unknown,Batch2,Healthy,71.66698235284159,63.55440266694245,37.56492308869128,44.68437235128718,34.74514667633282,57.04623437778664,51.470799496517316,33.52892888686298,44.77338839453801,47.162262409396135,34.26270405272962,53.48389133675785,61.652674719862574,50.8695813967969,67.09445610371606,64.19297902508598,56.56269429280766,51.10572107318467,60.65170626143673,54.656101926539925
Cell_182,B-cell,Batch3,Disease,45.902411810881574,57.64015053864802,60.09750280440032,45.886699172239595,57.13031398351626,56.88557323702488,35.80070232192814,45.71698644029664,43.62275931059877,64.1265651334969,40.82506306346763,error,37.152974507226276,65.14648680480636,55.11173464343057,52.58010886048209,58.07042659310231,,37.97947039076266,56.06009875075662
Cell_183,T-cell,Batch2,Healthy,74.98835178467773,51.237193656389096,,58.39529553643976,47.25976107808345,56.29774230561923,49.03923134469578,37.93706758208794,50.89733045992779,36.99636570326248,45.250262263593335,63.67949889209104,51.98491244950673,50.762718979012334,40.95997834769028,55.99179821352132,73.89954155905443,65.74682080915149,47.55393003607384,54.380578225501026
Cell_184,Unknown,Batch3,Disease,43.94110731570707,46.159963765821004,70.41893110703046,54.03796359907096,65.89837966572277,51.02486589666206,46.15604857204405,39.283248849269995,46.56689777937055,error,49.39752597377133,51.71923187041193,58.519400582194876,41.58159396585557,51.298888582565326,55.827005334442106,error,66.69763309113591,53.00062357298044,
Cell_185,Monocyte,Batch1,Disease,64.64758023463497,53.804449654497404,45.40634406594063,49.20915401305695,39.27372526770421,67.48784808881383,57.03048640290735,44.04538768759076,54.943565452795184,58.232735013921136,47.03014400271016,57.70294849821432,42.423034829815506,54.31691228571062,56.66735901027589,,59.30169469554665,51.712738682794466,43.68194526789816,39.13559193913832
Cell_186,B-cell,Batch1,Disease,57.674737773905676,63.61387639008987,37.01438355699384,45.13434775039729,54.78317758195723,,40.31618142207668,37.349050537364796,50.95270136980924,51.605356382258876,63.00121070390287,67.89946688031955,27.435972701629122,61.2079771634082,58.189655874532235,68.52549676537635,65.00604809857724,61.32400520607028,39.51103464402903,40.645431210942775
Cell_187,B-cell,Batch1,Healthy,61.05393773952569,34.15721675535566,38.072870352015755,54.09906204845669,58.30356642741785,58.4982595925824,33.23579466640409,47.659640008549516,47.42371486103293,47.97364497595643,59.2815432076609,43.155234271070086,48.055223255853925,47.7822741480833,47.17160733785256,49.66128097971403,53.47350844300547,48.2361687248756,55.51878908223253,47.69927553213601
Cell_188,B-cell,Batch3,Disease,58.68152739004433,35.87673146262043,44.14660777536071,error,49.07442440566379,71.10254188797916,57.305376074872655,60.482856104412726,57.88848609896518,59.26731482160122,63.756892847021135,46.135996221748556,48.90528987509511,39.889447689162,42.940505026205344,23.94040637300089,48.57338543143863,51.012417953421576,error,60.99771247180056
Cell_189,Unknown,Batch3,Healthy,68.5305342367753,50.6515319197602,30.460799383545275,66.0787425721705,54.69028810918354,41.27998269375274,41.463439242740805,46.087910743185475,52.94310672113062,,57.01447483830371,58.299941980300034,50.9625417712185,47.99348736365562,40.48368590641537,47.231073076056106,57.78722645039629,60.80083233620731,53.53251511961213,42.359563424102404
Cell_190,NK,Batch2,Disease,39.42905966533711,54.7804057103091,33.192887546061876,43.90197562826458,69.93362923047466,53.86502419823613,32.30585047272223,49.299145071740135,45.88488869649022,57.32236465949916,36.33529984828139,59.0773422594951,39.41805332777145,,36.81952654759037,92.24690291663734,48.287397602703756,37.45901100547228,59.622439450714815,49.283456826291676
Cell_191,T-cell,Batch2,Healthy,50.29787206943065,error,65.92442326402366,67.37431588165482,41.947182216981616,47.62769584331719,41.56581771907457,45.3058524079251,65.50473938903964,58.88603583403705,,56.909732726329906,57.45064319798868,53.53917266983263,52.721091282479705,47.35772193416623,46.5670928887759,,54.550824925515016,43.68280618410667
Cell_192,T-cell,Batch2,Healthy,43.02915423844369,62.237929048254564,43.27522734882799,47.66900984242927,42.574065257852546,65.76520760769006,47.041501384470436,43.61321867699308,42.02289747154559,35.969413858060285,60.67299709531497,52.177754174238586,46.430305046508984,75.19020480085331,25.229019383919788,60.7819804621701,52.35182296464603,41.083444613109044,65.9638430618837,error
Cell_193,Unknown,Batch2,Healthy,44.039509197059246,44.96645509779057,44.36547393036534,44.68320433858149,55.60677889135588,40.580781438857855,36.22792644296018,50.37104013564875,58.53142170662468,45.51418266104863,49.2289317840522,42.6540523775832,50.77941405121882,48.70712347259821,45.99540270207639,54.80446330858323,53.83958799051189,47.62121849163119,51.493956906509815,68.0215599417307
Cell_194,T-cell,Batch1,Disease,49.09736205475335,27.993270154242317,53.70441790722717,49.579339655293566,48.599500220511885,43.60571183477251,,68.24155554783268,43.507822063149106,52.27459870953268,55.151485567401814,52.23295225028874,40.758872564786536,66.75089024074254,53.94200162506066,50.74856924568744,41.2544001406755,48.89277971562075,59.55396923927616,51.5404910839609
Cell_195,T-cell,Batch2,Disease,,36.073794697003855,34.86039840296609,32.44195568146981,22.717930136171557,57.67855952909147,error,45.793773148205226,48.8066504769448,error,44.599263910013164,49.90982198664523,57.4819263700423,47.30573042792676,67.29571689226475,53.164309534339296,,54.71037891975584,46.630163839315884,48.50935622030955
Cell_196,Unknown,Batch3,Healthy,34.183751510085514,74.64970358304582,53.58856807470327,62.48944926808437,46.03734675488374,38.56397423230009,68.15928311305822,49.00841121110029,42.61629044848908,75.29492417365648,34.22627868358921,51.74174753269772,38.57121911889752,52.17662347657922,34.76639933955621,,43.851645612528884,47.62579400895039,44.3873809600936,52.91738239799013
Cell_197,Unknown,Batch3,Healthy,56.39467884390976,45.75811257738593,44.38660173920283,46.82724129348614,51.21733110347606,53.249272601868334,43.315947368605634,,68.9814114843048,53.74214010068643,42.95128634822041,48.98225967387723,63.497467271237284,23.38217548569955,43.01476780490435,57.22696772028853,55.412444059489935,56.10128507039086,38.376248956806535,42.103931037572224
Cell_198,T-cell,Batch2,Healthy,29.45186415295233,62.01606224870156,46.010117109764195,63.168805868144354,52.869076288597036,54.9837170261819,,51.799235915620315,44.062829647621406,58.80054568412075,52.442378635223804,56.946071055765685,66.42272591962927,51.10175395866316,55.81607290870817,56.70048122892721,35.26488343717576,45.3188276784594,43.295985621074635,48.27886212400251
Cell_199,NK,Batch3,Healthy,,43.725349707766384,61.64378922330581,45.705316634951046,44.38211713361156,,,50.58733941539703,58.68844797205659,44.71274123276971,39.866937430101515,51.80271891165631,50.40663217523585,error,56.736836644780624,52.061385740543166,44.952859687312355,38.196823051806575,40.52388193146543,37.12919403056508
Cell_200,B-cell,Batch1,Disease,55.91289280251002,44.101253714653936,error,50.3950326868172,34.38769396210649,41.92050184471323,49.394876498897915,47.044047145453796,56.288174496092736,42.56846300903194,54.08086968678644,82.5330849007079,62.064850555544766,43.106841839069645,55.860747291254825,error,47.67144439415584,36.64107114245003,36.13589423879809,32.69171338369787
Cell_201,Monocyte,Batch2,Healthy,39.48837580214951,49.720810406679895,45.11369839803704,31.491212978272735,52.151156460611126,50.55263000924976,66.53586806973951,65.14281436557033,57.598692686762114,41.044718681635715,34.14652406779681,,55.94596152780685,64.33117272860127,64.99033862352113,17.167975322124754,49.17081699330034,35.06121056134433,59.810305154026935,57.35496318734122
Cell_202,T-cell,Batch2,Healthy,44.19881148818125,57.86740554752077,40.20005455650414,74.69090980502588,43.82719990339862,35.101305542589415,34.95617972754733,40.59427203132188,53.53719702990276,44.4359631936598,44.433407297982804,47.54380855756844,57.84599347340088,54.12811634686039,54.261238223317775,54.029927975429544,,49.21556073820451,50.89160911594957,37.796941847895326
Cell_203,NK,Batch1,Disease,38.663708915686,60.67951418911753,58.35389072698335,40.57788197851021,37.13372652591882,53.77951711262929,53.06809947598025,46.49504078077916,51.18611185533937,57.88708773266458,54.625959137034705,50.70753825208917,error,50.92965943310497,61.778020202099015,41.612145290059544,60.44780919355454,42.977221343305374,33.60865440036146,57.45247559325868
Cell_204,NK,Batch2,Healthy,51.35285089462081,65.38169673648771,72.43989521730613,52.516177618617604,53.26031703842095,56.10161366411643,67.1777472336575,49.95147419927897,58.3636642029872,48.979269120808574,54.933076053847785,59.27600055883157,62.742625924149664,67.29043165637961,45.220200384285974,61.41554235791505,38.46258800742061,50.64417581388996,52.222608027944936,45.49202471398592
Cell_205,NK,Batch3,Disease,58.44684923124706,error,70.72779734433978,,62.3975283765669,64.66510143337315,57.05851853016213,45.83062220438311,,43.9707598686431,58.47490034767799,38.33938119133394,48.415070573836736,42.04254520418958,31.39245765067628,28.932252605604646,45.370752209972,48.733230205829145,55.87564453958399,49.330871858509504
Cell_206,Monocyte,Batch3,Disease,35.834845341597514,48.499531190209254,45.22366176206845,,59.087255203710676,43.29829735112759,56.40046313613573,40.0738921633165,49.39494258157287,34.33226697254302,45.583068653253086,44.637082994601705,error,59.5526480561837,39.88007325159833,52.311400195813555,55.78950002987033,44.22608147157711,52.21287644011677,37.871919250079955
Cell_207,Unknown,Batch1,Disease,error,48.63102361623837,64.6550648360563,48.38831753214445,55.36502368964757,63.75665723951454,48.04788199828895,52.05157756156268,39.8754848518022,52.202732633043695,62.88613201429641,32.69481100351672,53.90547153466786,52.988001574237245,40.056807102524914,50.47505280932656,,67.18946071156682,33.549185194026094,58.2375674615269
Cell_208,NK,Batch1,Healthy,44.17990554122252,39.10868060860132,54.485742775558,58.304884591241084,44.48354649098431,61.93242609963464,52.57821982348564,59.512135037752486,43.782646365847015,43.44120341596019,47.93133617520744,63.316530282310225,54.38035529298291,20.155517217536595,44.14384970293501,60.6794565216709,43.90342133039109,41.834761120950205,46.49121009764427,27.745671544167976
Cell_209,B-cell,Batch2,Healthy,40.94397106093206,44.26386858565282,72.77144271831862,41.9777100775416,65.40461674068308,34.27914782526025,51.34208005641423,52.476037960540694,59.131798950432206,51.70472430596137,61.96508893437,error,39.503185301500054,error,48.95907007650605,40.880684791988635,42.758629650918486,37.363776856997134,54.2964304609299,38.333994257322445
Cell_210,Monocyte,Batch1,Healthy,77.26709730772768,59.54486168442703,,27.26225850232945,60.42097409312508,52.87379172789449,44.62993776844513,49.11993885658049,69.52369347923008,42.57254056381824,57.34844342058466,46.11206937057804,48.18307806581588,65.24371441365271,46.445462656793076,39.40916030489607,47.96537684278856,41.570412860517486,error,56.837709168003244
Cell_211,NK,Batch1,Disease,57.151352914669104,51.887166750891026,39.099616282727695,53.22825302497468,54.7554393639702,,25.14925039197847,error,50.15675284732921,53.70242683035095,47.83864811893696,68.32883703457888,42.34800589435694,49.15139057252016,43.397906517606756,64.8314640681703,51.632820604240635,42.455857119428146,39.83382028740964,60.87539885420712
Cell_212,B-cell,Batch1,Healthy,49.12620124246586,59.64410533274455,40.966740564836066,64.37268707246801,46.17173118146043,54.0563251431134,45.89512276437269,43.446875847180905,37.956381641423405,57.56195953419026,46.15991420991641,60.58308810519975,71.73607213599053,49.18630809502768,61.749339607809546,46.751826915451225,51.74151187008087,71.61138126695718,37.496769324011225,55.588949141126456
Cell_213,T-cell,Batch3,Disease,57.58428707892162,error,39.15441271553249,46.608562463047505,68.03716381291122,66.17379225758435,63.360091022497116,60.61031426896034,67.0099126681287,40.25416323189451,29.055541594916747,39.811061701121844,50.82279465280313,42.581589779606276,50.811494527731014,52.66229481430362,48.53534345217056,52.65695912831317,52.51901160254347,56.44303252138624
Cell_214,NK,Batch3,Disease,44.50332187793757,56.69874755864772,57.90762375896993,47.41166450499865,42.51222948107906,56.225422237519616,30.822902609623238,error,54.22490528824171,37.22487679074722,44.76079811598315,30.64066135544159,33.847268874381385,62.351876930573326,error,40.04160619123047,33.70738491601558,47.252623978988545,58.9393661896363,34.3041858217312
Cell_215,T-cell,Batch3,Disease,54.49960567960644,,51.14069099277008,52.882937937222394,46.57289818304997,62.604437293387655,45.496796216831285,39.42273362223284,error,55.46283476586491,56.78141907353412,58.492259593801585,55.66963807661458,44.624408801282875,,41.22887980217496,24.64289785338757,46.381420359191715,55.32246866026736,46.71969875226542
Cell_216,T-cell,Batch1,Healthy,48.5826907595054,66.58511087044512,59.04072559915885,68.34773310649904,55.270405182775264,60.233265672863105,59.89232162662519,35.64844143008175,49.61684869737547,53.044773765072456,45.79922401772217,51.943398967424365,49.43755465185027,38.45144343167329,65.30542098040276,50.30209332637585,49.62987318430815,36.25326841202733,50.92477033342183,36.86087208256948
Cell_217,B-cell,Batch2,Disease,61.88412813423201,27.557615146974342,error,46.682476949547876,58.16895043020533,56.555670229141285,40.618184895517274,,59.58920194542386,56.81020820500749,39.31059315126828,,51.01628444473313,44.940249428788995,54.20873850611084,56.37111464353145,,38.92941624856788,44.963109080744886,56.330670484643505
Cell_218,B-cell,Batch3,Healthy,38.42656243862179,69.1659055272042,53.43513955042122,31.54996976358313,56.25045047835021,69.39244750275158,,50.23522699696623,57.857143500357076,78.530342108507,61.30670194677384,55.558075145685585,64.0976463934523,62.009229748954596,48.24227293904188,57.24989019115199,,43.95471183938423,47.10465138666146,51.611508605547584
Cell_219,Monocyte,Batch3,Healthy,56.38140850016804,36.71145730876869,55.18262534807425,,39.94447904266745,40.66227331782589,32.85351344925518,35.96436183447795,,51.910460075142105,52.359660235966366,43.774985535688884,40.09886300756033,60.418975106573996,59.66782941516859,48.907050644037135,52.93633156163665,53.49953880896165,66.43672244779272,46.14778848438445
Cell_220,Monocyte,Batch2,Disease,51.07683416926863,55.25475405002112,54.98488833029734,73.49813088676045,33.523839046275754,48.92109186060675,27.3161809593799,error,62.58306607171187,54.60150948561075,44.76552473275562,34.55952528943282,61.55138996959536,46.0592903728097,error,37.34048058892192,50.69978235696439,41.96851415487386,60.762959748388354,56.25161061120701
Cell_221,Unknown,Batch2,Disease,50.432875642845396,50.61417847660774,46.179714333128636,48.82627111034713,50.52248198372137,51.07539691048314,,60.07170944378335,62.60624959481342,19.346896946214812,56.581576840688555,39.334152045938026,61.72720095767157,68.08001352906345,61.431302024469275,47.38942935974191,62.394429359361055,59.08601543593051,63.926758612966275,53.09956257136216
Cell_222,NK,Batch2,Healthy,54.09601419458657,61.603159419728435,39.664338202962725,42.819511675071766,58.44909542413683,43.792596886421,46.53315320870807,48.08383814352138,50.11552321742047,error,error,33.766538765370456,44.23768770622045,50.476292444254206,40.65498141555456,48.36511104592761,57.97802704443785,56.68318525544459,38.73243394882414,36.401224108530315
Cell_223,Unknown,Batch3,Disease,error,65.00204237807606,48.44855668534826,43.955841267872515,57.72509119418345,49.73908799804799,,71.7201410144384,56.530464844342184,36.5463647066329,52.082177897183385,43.63601754392616,58.59957801479395,32.540057125845884,63.78619571802878,60.26363820438698,60.81758032502958,50.183200215831576,61.79200628594951,28.308488259169625
Cell_224,B-cell,Batch1,Healthy,51.124915393776064,44.459786996862896,58.151665101286675,59.18312296235925,50.81163273770441,42.00569513231294,45.368039710347794,32.15597183005069,59.94109554047699,69.39376475632979,50.12788616695722,41.29505798387804,error,58.30688552280621,35.05235762976437,69.91905791216843,45.4198339224603,54.94116338201368,72.42997200083309,66.21130001446163
Cell_225,B-cell,Batch3,Disease,62.354780137430296,38.821340038399526,,51.49194174392633,55.49279380953135,46.239648218450384,51.68064066607142,57.814410301924426,69.957575996684,58.49440177221365,51.81752832137525,42.338300284819596,64.33977017971101,53.35710352970424,43.94022788553559,41.00351187832362,48.627018921796456,51.34919221459334,32.11089181490829,62.44708009949248
Cell_226,Monocyte,Batch1,Healthy,59.91395236890034,51.34722308756494,39.34746960997535,48.7778543417014,58.44291958340339,65.46391576831574,,51.767921833194,62.98537169055466,error,66.2578731267298,56.42351400019169,49.72280983115546,,42.269650819366696,53.146090741667734,51.47095781498977,38.933603511657275,49.842897845261035,61.65996543613352
Cell_227,Monocyte,Batch2,Disease,42.767246534767885,64.0815870436899,54.85038845700032,36.049949147929,37.28072039552071,49.47315974362968,49.562197168972006,61.27740647295659,62.73766121941844,30.468182029347766,32.949855421315974,48.116069078038905,43.14732147941272,38.94366466535949,54.57122191125335,45.81769939957502,error,68.29232209741467,34.61085276278977,55.25816352081423
Cell_228,Monocyte,Batch1,Healthy,34.77221212574431,43.67294690602445,34.63601285630015,53.48177634290068,56.6738148450879,46.20265731820963,51.73153739442945,52.25467382722527,38.289321682251675,52.27423946235392,61.58944182451238,51.43970544172056,38.21654533902979,38.73357402906035,60.469619260131296,41.53522810731919,30.429783458735788,37.788393200865706,63.06371060384188,71.95518285364128
Cell_229,Unknown,Batch2,Disease,47.59162933659531,50.615788098798255,75.84186589579613,48.32103247051933,24.800938112494002,51.476239401384746,51.67251381474071,64.9843259584138,60.74371136247552,44.431995237258164,40.91054195039629,39.4261337057596,45.31165651612784,57.72678117992185,64.96133177198014,41.239780309660404,error,,48.50514305006015,55.717450836783485
Cell_230,B-cell,Batch2,Healthy,46.35336038443162,43.93748185915077,49.09493321614984,38.640088194285134,46.690215587619555,81.70804963858015,27.04275661070512,45.94430489703146,52.2516443588995,53.23996372375883,46.06132806375236,53.31492080953666,52.74850865075071,49.60924590389147,49.64648805723128,61.79827199189593,70.24570393220719,46.96955676712713,47.0642979177351,42.80027094817611
Cell_231,Monocyte,Batch1,Disease,49.28198549810776,65.9002138726335,44.8614221014472,33.34580061519762,,42.770334896556776,56.911998608901705,43.67353789520126,37.18565829813984,50.41150020493222,47.512730493913196,41.153025524758014,65.48869065933809,69.94811742021058,49.25512858333594,35.54143720078315,56.31379811877579,54.067746468746094,32.76760471105949,67.53943462876148
Cell_232,B-cell,Batch2,Disease,49.30036004852191,47.28985177021575,38.92886332617752,48.49375916462327,48.64558584404182,54.07299234710178,31.350090528213908,47.62089710219904,47.21373528835072,61.02856357424636,35.491087431848726,35.67726312636131,59.775702971247945,47.60213111684412,51.66877225436466,59.96360056294034,45.63348666996479,76.55331953080211,46.94275286744416,48.787834743678644
Cell_233,B-cell,Batch3,Healthy,43.513856395671546,51.42264368677608,43.11138049726018,54.67932319318657,41.2531568385968,50.48581845443627,62.61873750649016,38.13346493511781,44.23370870817277,46.78877019356361,34.63965012707527,40.39177176296115,39.56565191424252,50.61562134910969,69.66113002836875,error,43.09291290427607,54.29479612574422,56.97348705428468,51.458412275064155
Cell_234,B-cell,Batch2,Disease,,25.01707614127841,47.29119701209859,,60.07870393394466,39.049787656331176,49.2621467635429,51.97368007610654,68.41259221922971,49.59335021456773,41.54748489082776,53.62532246789859,64.5762383312518,error,51.80359043334583,42.46219844126237,,59.814380491157635,75.32763651444071,49.921963671688495
Cell_235,NK,Batch3,Healthy,44.88617742522668,37.665140563819385,54.013365812018044,51.810526676615794,56.282446841465486,50.551466610030275,43.99935460340468,59.23765256338636,error,52.40256112612454,47.640448319220184,46.84563730156774,53.26236346447887,48.30593220482819,43.636753538296176,49.97711978283758,67.66155765410963,53.05392342404743,37.230413634092685,38.659303061223774
Cell_236,B-cell,Batch3,Disease,,61.24902695128982,40.42315818626006,45.586815150088746,62.373509630557365,61.316983206445556,,65.36481292606142,43.427089369267115,33.707638898723246,60.524196944211624,59.7735461389471,47.76740352049451,52.20567823826406,58.95256677262648,33.91720710735662,55.44857433136054,53.86348585756211,43.2972096648461,63.11677143611355
Cell_237,Monocyte,Batch2,Disease,54.954325111081936,,68.05190661048246,58.966525974996294,49.79688818466572,59.48085158235878,59.60734277265979,43.18293287583547,38.342806593601075,56.74951791991335,error,54.67624253397619,52.97236758409712,45.6495754007829,48.167018614518916,41.676636570404504,53.33872536735123,58.78966240879254,57.043607910592435,30.908968106504243
Cell_238,B-cell,Batch2,Healthy,59.51607742510328,60.166910187452764,46.668037179383695,68.04421488192585,69.38946152932276,40.205020361541926,37.245765324840114,,48.08924908688315,55.93730076789044,60.908184687201384,38.90411087847246,36.28102128137871,58.72062663838774,45.886924600878494,18.10098644564521,33.43228660459405,51.88459681344541,56.795270777617354,50.375877513404866
Cell_239,B-cell,Batch1,Healthy,53.61349251811282,52.881882860333114,54.899631250095936,63.03141013475964,56.80909212498586,52.23002441025153,61.98964054107421,56.638888622531006,43.016496739363795,48.56400382780105,55.52907597810255,62.67462006899819,,48.854997865200396,60.5348168139724,51.37234808367379,24.324206598501643,37.683410518171044,59.99583885259408,41.25797818174286
Cell_240,B-cell,Batch1,Disease,35.429898395214,30.156092201950933,61.17951034281184,48.413648736726266,34.58104912958811,42.148947051086566,55.494802202045605,68.81720282849491,50.938518026260006,59.67130275718411,44.34542925043594,60.04509596377992,69.66654541888852,61.56666092688613,49.58342038716231,63.6792155691587,63.84306233832796,52.28726635722701,47.30264215343482,58.25925709515994
Cell_241,B-cell,Batch2,Disease,45.1303496792786,65.56901429201474,52.26555640346482,,39.17307845476474,56.31352113862644,56.98737161181424,49.49713094855827,44.36664846923402,42.03222130045817,50.11977691152926,50.188291734120135,60.920443612854186,52.359317102793035,51.18820757229615,40.19607775425863,54.53103097613351,53.26379192104561,45.338437306595296,60.7517206022426
Cell_242,T-cell,Batch3,Healthy,53.49477664139512,22.19793337101878,error,48.62419140173789,55.36829327828297,52.65812690293495,31.963194660235036,53.415583285951264,57.69084883072941,58.008067054408926,52.19862675863858,58.623863553900264,55.44398440371079,35.526535444726676,42.41281680796205,42.93972096579582,error,36.256854450883424,56.08069275611015,52.199158606120065
Cell_243,B-cell,Batch1,Healthy,40.69954103879102,54.23613448909836,55.63719827892329,56.25481615982881,63.830849150803346,39.075425499147514,45.96539517236313,68.37400388744416,46.29967479248888,65.3776002710018,47.95905551557105,error,29.768642127552226,41.507211507161074,36.95800075633146,40.618623319105545,43.71412718635138,75.16644502035783,69.06935440634399,error
Cell_244,Monocyte,Batch3,Disease,45.715496717724506,50.58673981226922,49.06151532671074,74.21425984031849,61.350817297378626,44.33795177042525,33.07545166958528,44.98839373410593,48.019727298115065,65.95809061140623,49.53036756961024,43.488996566604456,44.56452953602174,45.50689483359696,44.53980016422398,39.75698030767805,46.08106532210019,53.060613356791336,50.742883437132456,42.18103347220344
Cell_245,Unknown,Batch1,Healthy,53.06746357090814,52.417882118659605,69.19865414005288,42.50390147594911,36.71925138774374,54.27074452696458,52.16885898537897,45.61861280422426,36.790290673868476,52.469862902764284,74.21515912372087,51.13103415584751,63.706022909444705,61.79261287114981,57.599219926319655,55.89443490956524,47.51361380387457,45.636978970079106,51.072934770017234,57.18438124912678
Cell_246,B-cell,Batch3,Disease,20.475294924395897,50.540843538035396,49.183498387263,41.67042156422818,41.37835693440624,56.811415424034266,49.03208256556856,61.702568750779506,32.12363526604685,43.854743405085024,46.623931386805914,56.21813355893103,56.92466583290542,52.66316305753235,34.12860213968562,50.02768301331947,37.58534216006764,51.74966792902585,42.649118248867154,58.59407942127429
Cell_247,Unknown,Batch3,Disease,64.64546044041015,54.359024987361686,58.15082809900086,44.04268516043611,47.538079801391746,44.955820192643166,38.61961145029733,29.09817038436126,56.81410020851842,53.648532503334685,47.24644240185314,56.966346976711684,51.17606568644718,41.534094506498995,47.81631240930538,58.07430416344784,41.81664547595037,52.40165378139927,39.99229926085875,48.98967300207728
Cell_248,NK,Batch3,Disease,49.59225600130459,55.67186450858129,45.716095252223134,63.59680403464402,61.157188325258346,48.632737595782416,61.87691118367219,63.37662896549933,error,61.14718877887913,57.832152286471604,30.130578110663592,33.77077924846729,37.271533617580914,,error,64.5561562401475,66.60614880740981,41.41971695772028,38.371287471356915
Cell_249,NK,Batch3,Disease,56.71528020108294,55.34199366487022,57.33871730062321,53.39318451678242,63.24835267095306,59.44548926162557,,55.11542053113275,,60.836427064858086,49.98414130821081,37.190334431394824,34.62690228812458,48.82736760659343,58.18802970738862,47.90594874957938,48.63710022032333,44.56121096494353,58.37156589238641,57.28301935753133
Cell_250,T-cell,Batch1,Healthy,66.9863972534398,37.17663284420624,,71.53539479570878,49.76580079203079,61.65031694998093,error,51.51210916208797,74.3559658943773,33.66304387268832,44.550450377489774,60.23218180386247,51.15025884410882,42.1193290828946,42.810042870200355,48.85782391312295,58.760335541421426,50.70829044619491,33.2606780768795,67.26499703512883
Cell_251,Unknown,Batch3,Healthy,error,,39.789874880339994,52.593681358068466,51.656105907770865,49.70093997617128,50.773186076562155,60.20709898953807,67.8138368275148,49.039253847363966,59.00324240134835,52.565073312894455,59.18334822265175,40.89370471315928,51.58697988271552,53.42025658360764,,45.634077090071074,error,62.59011350785019
Cell_252,T-cell,Batch1,Disease,37.143422624993434,45.43894615125174,53.37528240471197,48.764434929246256,41.65758059227568,47.08917853557506,38.05044818478603,34.361703904240045,44.344475131127815,26.33219532114818,55.33883179813813,57.57944716111858,70.26112273373634,53.138873310412976,47.790404883310686,39.73072446179529,40.592216149389856,45.517212028288654,25.920632209282847,38.199475430037
Cell_253,Unknown,Batch2,Healthy,64.93317687576072,57.001914891813335,58.873786598429504,59.45108726083089,35.61712386291656,45.2733837164074,40.38234846669337,38.837930418571005,44.08508175255048,error,43.27998501365531,42.93287973800635,47.90222279460426,58.51774611701152,44.7375393429188,50.89456986961405,49.80736200318812,56.41634512611532,40.17008803708234,50.13731297763284
Cell_254,Unknown,Batch3,Healthy,56.025908452599154,44.024453599043724,40.90246735237699,53.95073862702868,,61.2797603853475,34.91953866532619,49.25294825656113,72.36145213026306,37.27544338228345,51.7294172654864,40.951834268970444,,error,55.73465775263204,49.065675901959516,34.80576799639982,45.93542525789213,59.21009547630154,55.50611535223607
Cell_255,T-cell,Batch2,Disease,51.36795640552845,38.65361627930366,55.93460776348584,57.99510377183867,50.540547744253146,30.411953917323913,error,44.1115356088369,53.82093944599448,44.90727643565683,59.850401212751194,39.72478275910918,30.530770016162535,39.681861535505206,57.91793330797384,44.581766899764666,58.45404621759333,34.345234947100366,71.37100089450605,error
Cell_256,T-cell,Batch3,Healthy,41.87667953748023,38.86428862329891,58.13120007394065,50.91799475009262,50.77902343888059,54.78737812384044,35.2913288413385,75.2889722995805,31.86456673268355,52.45439472113499,45.89552764568736,52.18144145293142,75.47305595594942,44.45462091126909,45.877775288061045,37.499512286038566,45.06679809263966,52.26447644447827,40.37556858977327,51.414921240246144
Cell_257,B-cell,Batch3,Healthy,39.08722483337674,59.57463489497323,50.549851015962105,,51.673422771731964,49.55775803677231,49.91757624068296,51.896447180192716,49.79338678946035,47.42070491578529,,54.9170518979599,45.14151474129997,60.10974730143629,55.489246539273765,54.986201093135826,56.409644062828725,48.60627162840534,49.089485630122375,57.33213846247667
Cell_258,T-cell,Batch1,Disease,56.0560938233759,59.21042038462162,54.09163034750623,55.9968619074603,49.372818728571104,60.139289829983575,47.08650124746896,39.08117441829886,54.27186179158476,63.88192110136134,58.591429246722356,49.50096599259214,57.06461693984666,62.82804749088878,39.288510578783615,57.17389138958195,52.210543766639574,59.18207645750254,44.31141057825307,
Cell_259,Monocyte,Batch1,Disease,62.07570724297215,58.168572881071164,42.84572656378748,57.05505679303226,65.51759115354953,,37.947126137860096,57.099481040349346,41.91432089944986,49.76697061068676,55.97917518233489,61.43139906482929,46.25464546951938,53.89027260184443,41.51500206430687,44.18730148833938,48.97165616514622,48.18074950493219,45.881572510759966,47.176894020901294
Cell_260,B-cell,Batch1,Healthy,57.91178453348008,43.966433743900765,27.384519871626253,29.826874729648523,61.20057717479547,46.50030212525011,57.22349129206997,59.564331325644595,61.429271286305706,61.9849207763109,21.480526486558468,52.04374113751613,45.586131584482914,33.34415512763587,47.44096377729978,50.46266290586712,43.785766981926244,46.049792601186404,,61.04507854417843
Cell_261,Monocyte,Batch2,Disease,52.29207880373685,47.437965044863816,76.38438543328112,59.08332190826009,42.68305579830107,31.10144921165457,44.44218872403717,55.43641501487943,68.3090336815964,51.647707038998156,32.88949947287267,46.24498701712592,49.55649092591896,69.93852989527936,42.99910741714258,34.53174549904756,error,,77.38836873479084,54.569900284121736
Cell_262,T-cell,Batch1,Healthy,49.44443544968947,52.67106156646356,64.14416697698977,45.610175471540344,74.10374942494548,61.810357473101305,45.947569413078114,48.48363266547128,61.060046220757386,47.57535798276853,42.64222013230761,50.65364834587919,55.11179723654587,50.174636363376166,38.17559844269853,31.724014987179462,42.74938866257464,53.91675196625558,41.92436171262767,51.19996029135775
Cell_263,Unknown,Batch1,Disease,76.15974894169265,41.3879553761858,50.30391198055559,57.9576423342523,50.04866716738298,57.00717320006683,56.386785549404735,54.26854961727789,64.06736980445675,54.12003346683514,43.68484676547469,74.44321868546513,34.22103934241766,63.19529596319728,59.143592869165865,49.84184474599981,45.897834288934895,48.63752516454131,36.85565068355393,58.74262440924679
Cell_264,T-cell,Batch2,Healthy,47.325107156694536,47.75659180753004,60.535276556111164,52.878242554848455,47.814235349883724,64.01336075431972,32.010669675495876,54.692550530688656,44.38073204723752,57.95788833495247,45.320914448272696,33.484006428181445,51.78744778099674,38.97391919492997,52.651083465571155,42.516443714301104,,70.00275041142461,39.86991961434128,58.11221454599902
Cell_265,Monocyte,Batch1,Healthy,64.04132814478317,53.612627258375774,49.55694639355951,70.25637241989823,error,53.01186517715437,45.23502463596764,,52.53750649170816,58.81852225830078,51.21498536988665,55.358644014343625,37.22529825866349,,50.0416544000431,48.93962648610728,47.951321496064395,44.612771370922346,34.533109114712474,46.54493997951639
Cell_266,Unknown,Batch2,Disease,39.536799417105186,47.28483904733261,54.374734605426276,41.350898534405296,47.4635889512011,45.74025244222413,,46.00980470672748,51.131546315631205,63.304363702579145,55.298346161522645,57.60080266759803,70.43791068248409,44.84671359106499,error,52.365679778968214,73.19699195336061,54.30494409160919,40.37271869285851,60.786438612267375
Cell_267,NK,Batch1,Healthy,55.588040758074214,44.24491648192951,error,43.1446753272205,54.27928413349774,53.62826386981566,63.33062860147557,56.13121131382015,30.52408766547672,45.09956734447094,56.92564781079546,55.89212628272059,54.42381634806365,34.42431727494701,55.7237049426772,59.02981435904425,39.80964934453819,43.96098999594214,30.733196026116143,
Cell_268,T-cell,Batch2,Healthy,54.59995249272584,66.51500165871735,45.683772071883375,47.44893170366616,,45.002884318213766,53.813542245282164,47.01009612763053,48.9889976068105,56.808657344494925,56.90020244122139,51.73598100111483,50.08921566361959,45.372866317548734,80.09672259358959,37.205993600521666,57.29030481011402,53.69115191312688,41.80024826703904,37.346997833390134
Cell_269,B-cell,Batch1,Healthy,57.02776260898668,61.56199881098928,48.071464354286114,36.30507726277312,55.117647295478626,46.054252953717544,63.32186457688721,56.222673489718844,47.84847484634396,47.6007857237034,49.130431871276656,,53.867336531578886,48.79598893512948,64.11293665965033,,56.63540305473308,37.049633254338396,56.89050811279854,47.82943205558166
Cell_270,Monocyte,Batch2,Healthy,58.00906651871676,42.64567950657265,48.15220119890778,49.71124239301498,50.48581997250054,43.559810043645996,39.64354784104641,69.71702876215525,35.69685967554861,51.89128964092048,,,59.34222982602965,59.3579262432803,46.96410605567865,67.02416598384266,,44.361090942984205,45.59141364136564,30.611024570389155
Cell_271,T-cell,Batch2,Disease,,54.7710757921216,50.752154812245,49.02592660563821,49.48881153532108,30.811989811071832,53.87690429589238,42.0144917465514,40.10865922346271,,69.40378118579102,62.54859421682572,53.06554624410016,29.890021842591487,error,60.07209937223422,50.983270925989906,39.24399412009727,,61.55768059162728
Cell_272,NK,Batch2,Disease,58.29329148015105,70.405604321837,52.354042226644964,,45.54665535371846,55.45576878750984,48.359102895611656,54.2402580443244,,70.91246554565542,74.71056542389378,51.6093711397163,46.849027825113055,51.63340407971988,,45.43915695564021,55.480485008399015,41.48428310894572,,48.24241775474712
Cell_273,Monocyte,Batch2,Disease,43.976852620118656,54.858461063925326,59.554854724933016,56.306136459837994,45.91587929971678,,49.80044064748048,16.36941125409622,59.44317064027839,60.53634586939863,57.29552363722584,57.950929106860286,46.65471390927753,49.62095432678075,49.88792587970393,51.19848168432901,51.63684100699327,45.053936501342804,39.636008022517565,
Cell_274,T-cell,Batch1,Healthy,58.51326890709749,56.51077998399393,43.953778871795706,,33.294383855569805,24.998298676486893,74.81072977879568,48.881882428592014,67.61381977418426,error,59.298129152492166,41.852336933174705,85.22078060192216,50.408408810977356,62.827901268459215,58.82068132585644,49.03640822010423,38.52441077239908,59.00484926859701,63.360962520716086
Cell_275,B-cell,Batch3,Disease,60.35906949782493,42.76302857886374,44.83677579728193,38.516715773137506,51.71562642218276,49.879756949741086,51.8637113394356,40.72522901287043,67.4404389681491,,41.96727983964639,71.99542674935623,50.68053059868052,47.07915775304406,error,48.23201773746344,48.06298744770248,47.47057248332153,59.08963687561732,
Cell_276,Unknown,Batch1,Healthy,56.93947610875748,51.2712014774379,53.78143520365501,50.894694718716316,47.477137139640654,50.93232858945249,42.368277320085106,39.53198716860051,51.86732216519816,35.18324011407782,44.47895175709351,52.283026988956024,61.67646214024589,43.68281203165199,43.06773817119627,46.030767998388185,52.11693956047968,44.38586075984001,48.87466208772704,error
Cell_277,NK,Batch3,Disease,45.18918625909885,52.047673503881214,48.14225815520843,54.31837621678929,35.91976654036858,42.61574699469421,43.56073181151394,41.08435243623732,51.75031023507671,36.556213888374515,50.270499509338514,41.16963695187543,54.64919676154887,53.66422549363526,57.294233901605715,32.405041581561306,,55.438130963213226,60.22941793472651,49.792986605901085
Cell_278,NK,Batch2,Disease,50.312117694022554,52.29769678784512,53.98485617915936,37.48451245159801,,64.68694406701286,53.010829833433895,46.74372905125808,50.79626748449757,54.20483042046118,error,61.123422042322616,48.83791404410622,51.647709497094006,53.25736243841534,63.0704615260095,48.261105440328826,36.82962891908588,56.77438845092908,48.447009977651824
Cell_279,Unknown,Batch1,Healthy,43.864657859912434,55.09084177843528,64.82563313066461,39.90473450127011,28.555969728721724,41.332667157035544,48.65502450469913,68.79512926225557,31.260405509130162,64.79383988658776,59.337050836108304,41.28218779406133,47.423048452930736,49.84999819205071,57.62446862613422,62.486339924734835,error,53.696927505995745,,55.529867798594246
Cell_280,Monocyte,Batch2,Healthy,24.308413401835306,,46.18573938475214,52.03573956089002,59.32798351518187,,39.519392973360006,49.68684158382653,38.51083365125315,49.40262461372655,59.41584957716669,28.940136823491315,error,56.872385501975074,error,53.767428857405946,43.44847727008671,54.16060737303794,66.16027799618526,33.40879641854902
Cell_281,B-cell,Batch3,Healthy,57.36194953269014,38.9330805683162,41.52812190169788,53.31091236710639,56.89574578956138,,54.5405679947076,51.33371229981162,,,39.85404426398108,47.19704210726202,37.26390797356899,51.77608528504307,52.01094456430882,51.435383529661635,47.49768948213469,53.047260294643806,53.88030146123326,47.06837901294529
Cell_282,T-cell,Batch2,Healthy,60.80331250884678,45.56092281665625,52.56622126704703,56.44085525680409,40.935264636755356,39.568231591386024,41.42482318089868,26.648931982306454,36.32279784551386,39.60969117058152,40.69829342953497,error,46.35300411048488,39.039911549023145,,70.10583895683338,64.62331646055414,,53.06805875312377,44.882679029871866
Cell_283,B-cell,Batch1,Healthy,64.61408428246136,39.887025035654446,49.691920458183915,49.56865235438269,50.07945765263659,60.48418984784459,error,,59.129101110969025,67.14043699251897,34.72165872584503,45.59208960480815,41.697395177146305,51.20516400794241,48.151512578241025,,57.52582143880412,43.23750566447095,,46.30438357107389
Cell_284,Monocyte,Batch3,Disease,,45.50731871335073,34.964647304175415,53.570192238877716,39.60354187224989,40.06400908722469,50.215610186979156,40.456071828664705,56.87933122240614,44.89125003390623,33.868825500841965,45.85439467377109,50.23320207969446,error,,61.041192514472684,36.10990902204394,58.93817309799992,59.27401912615779,55.05408518015891
Cell_285,Monocyte,Batch2,Healthy,44.04533078007676,error,30.237063241818582,53.08032032188589,51.018261579436924,49.41586017535832,57.75988569568143,55.05381996820006,60.242440516889936,40.5341627530117,45.472705585436486,,47.25376811385589,60.598244533133695,31.63375661860926,44.344963326362475,50.1794730953187,,,48.65822489330741
Cell_286,B-cell,Batch1,Disease,,52.18413110666548,62.13954824782371,51.29845450776451,67.27571899741913,37.7465994793736,58.979176884301594,,62.74867465870319,,,40.42429392171743,45.16217073643542,62.187220053768144,58.45689023399896,49.987432069420585,39.141736790149864,52.673556080933224,47.98546430842042,45.156622164174856
Cell_287,Monocyte,Batch1,Healthy,52.31261427475039,63.50188223632776,62.15352518813193,70.8215217905245,44.22641344485751,46.17638087067573,61.0256808743616,40.457524688241136,44.209886572129854,58.90285639045473,41.59432479907463,35.131959223163136,44.21811592079473,63.36188909404553,48.53166182014974,36.994667510169556,50.12118884519234,52.049834604614205,50.98554106336798,72.42633301664765
Cell_288,Unknown,Batch3,Healthy,42.60669413553238,41.87062655500518,50.213204988026824,45.97062710129011,50.01446672614041,33.707378799167714,39.566175440435714,63.696622355039224,59.95199540848388,47.711830971504824,52.075063101219214,38.46213613249595,59.44468827715204,44.890529041961706,47.25231247670096,61.091809911662764,37.49317767725668,43.273092657052565,61.53858673864305,53.484608552516875
Cell_289,B-cell,Batch3,Healthy,60.306343192509274,43.56576272065986,52.79500249141642,41.050577119526444,50.884670769138225,70.03102220463686,57.38256654542176,35.993193829143166,43.3725821574063,56.746484866549615,65.45976864663339,50.45356991334435,43.81734344488005,48.615092881378466,23.73811602238114,72.02489855170032,41.952470348564646,,44.07418864979896,44.25454464164695
Cell_290,T-cell,Batch1,Healthy,error,69.57027965188885,43.43864530560521,50.40262095826633,35.48000052274705,42.96123026994754,46.16807816491898,46.89368003703943,47.99600702712533,53.8923033189169,50.1524748085492,27.464591622416535,46.21493505272515,76.86229539843077,54.71800148446426,39.70233643386746,43.15370908023041,52.53888617626807,41.85727905364029,46.416407778110944
Cell_291,T-cell,Batch1,Disease,,44.9532003835779,44.089948138736105,47.957215713773124,50.32080112184012,50.00689124370025,54.52215985228578,56.268429043711144,55.7398173396343,55.89448158909726,56.75301113505998,44.705582215414495,55.04697529523793,63.93768881370056,39.64162947483649,32.38011317330316,28.711059059788884,40.42802211315726,48.572702892270684,52.36050434992014
Cell_292,NK,Batch2,Disease,49.44353517578875,53.792592884441596,61.87367612132394,48.162877967334296,59.95531532489715,36.57709625080445,55.00504126141205,,47.02384192034765,51.892159511065586,,68.4037072797032,38.61187576434362,62.278929176074726,53.554696020278826,41.17117697803706,44.47406083183954,71.39738028621682,43.4674628917031,63.658462940659376
Cell_293,Unknown,Batch1,Disease,55.102854152552595,51.48936832006526,30.46716389815874,40.023207171416345,35.47162755414864,34.78732581372294,,38.09513008042429,32.6885863955159,42.33308129378982,64.83928230013485,47.38339223559947,57.769229523611344,57.51424303344734,54.9410487015096,19.069546797757365,45.249035974661645,62.39813641781787,50.19659850653316,48.90157094173293
Cell_294,T-cell,Batch1,Healthy,36.1407095414287,36.64331767553667,63.17456863364574,52.17971508454939,40.329698489678165,54.04511431080523,69.39899985012897,40.22655041190763,58.933690045990346,39.14307075939384,,44.59689186971368,55.97305593407299,error,41.85831320163739,37.85383484139107,55.980552871731916,56.067831434302164,,56.85698855487158
Cell_295,Monocyte,Batch1,Disease,71.6640421486542,49.17586105071014,44.1364551959516,error,39.68955535591735,62.179596509910475,50.69864300760075,64.66657164960876,41.09905631673958,33.35024805170903,48.62197375259103,41.83987116668894,62.310348762837755,35.489508246204046,66.74173694912787,41.950904836658474,46.899215803442615,47.46154297129509,47.503974419160045,39.353117051410685
Cell_296,T-cell,Batch2,Disease,52.551170234237134,48.457280525502,41.583979725970195,46.237228625656925,57.092881101696925,48.4844031194569,47.19044488654325,29.727691932687378,45.59631109274684,45.514284132248555,63.33710384187471,39.428838306711874,45.425967336184144,45.07883224945893,,53.53600945881266,73.67292774513025,45.307340594917655,54.481091932090536,56.281494198535874
Cell_297,T-cell,Batch3,Disease,44.599487383150816,,error,52.52264099077203,61.04147070113207,66.33509172929888,59.927478827536895,46.20472909632618,58.99173340242348,50.54035838784355,66.08062096152986,45.37178086490798,32.147747749970264,54.54444343486865,62.41792985183474,32.02487912792303,56.51121715368816,44.19788894117537,55.40696102181902,49.728012309004
Cell_298,NK,Batch2,Healthy,35.72497185570371,33.498173368897724,38.47171745256147,60.31782988597248,,57.07735661532613,42.39497895781262,53.306320381172384,70.28307895127301,52.85399310918607,37.458688979303794,51.09155778529934,43.708327172809966,35.226904944822905,33.0065691179468,60.810412494370944,66.20933430435889,63.525898121157795,52.759010190986686,38.687519881708646
Cell_299,Monocyte,Batch2,Healthy,63.29542907115112,54.821022110870345,,55.99025616212337,68.11116501750013,32.612386731275706,63.108663660803934,54.9402719446487,65.82324725376631,49.562513796658024,error,33.420623028571576,26.026231420944082,74.73879618997728,62.59272361923536,59.436091897958676,53.07890793311826,44.35806419314935,43.6077667858164,48.42781479691272
Cell_300,T-cell,Batch3,Healthy,51.99608969671999,39.08175584723523,61.8445665531185,46.879782471275085,52.696777018248476,39.1784343769565,46.05237519164549,51.775354993595556,46.09005043666343,48.32488368597464,53.799861243462985,36.53186642648808,50.17194046295101,60.46250342370506,55.48326372515293,62.975158785326876,40.665159510608646,52.572367696159006,68.49105580609498,58.83194396596895
Cell_301,T-cell,Batch2,Disease,42.393344439193854,49.49747881033991,45.24608978885767,48.54282976025864,48.69173483437814,51.32249551891638,51.28881395158508,36.50229630562915,62.874951253321356,64.73180151994859,58.618205526295924,62.76616360968226,36.48971774704663,60.7140659086175,40.492870089432515,58.24756618271188,69.4915356193494,56.137199871005734,42.58642269759883,69.86609669534717
Cell_302,NK,Batch2,Healthy,49.6325928872083,50.40178462646489,40.525483354308726,63.08017943454016,54.70176265150486,35.1970518629367,66.26668807500235,41.37927046009972,39.64583777112475,63.51018707232295,58.15134671963761,57.751811945627665,error,53.42248097495626,57.77603180954813,52.404575635620176,53.85533214091369,57.23337388842306,error,56.81265535668296
Cell_303,Monocyte,Batch1,Disease,46.359842281816746,45.62495436104307,55.760474658496086,35.67446411426907,43.218906282598255,47.04952024538123,42.464592084937074,61.37006713480309,39.31096227183821,50.206515081424854,63.00570955195875,39.659639770952616,47.34373815925579,54.24389086741821,32.09959176491561,46.862555613612656,42.22076946019169,75.61880516955277,56.61513319654442,48.80769579319089
Cell_304,T-cell,Batch1,Healthy,65.80490240064536,54.57599731775929,36.71561261541048,38.637941717541885,,44.86581982370913,65.27727385981974,38.17209907159687,52.80742014658064,,54.08903702641698,60.75483243007177,63.69626668298186,59.67058498702147,61.92296990322029,43.053098334493875,,48.35266021229949,32.976091040638266,54.72887574864297
Cell_305,NK,Batch3,Healthy,49.33669667761723,43.548533644117484,,54.39920960234583,54.139838388395496,36.53245065284491,56.399657432026245,58.63986789606243,51.31541424771662,43.15762239702735,50.18710014841475,50.504271435057156,51.26311125874594,47.29952009177073,48.426364731012484,27.7040680057145,66.15530541992861,62.91696143834132,23.919128401862064,33.363374176248456
Cell_306,Unknown,Batch1,Disease,55.20926014447714,44.43242663692316,34.79366977654968,54.25095625370551,62.36305932780667,55.01775803478833,52.83964525990761,52.662080365017005,41.74679265397833,48.71115019963848,51.58156825883587,58.50713209502279,67.92907345654828,34.50733516543602,37.590414116726876,31.44963408651451,47.23691934096664,35.937008756200086,56.653779158390776,66.69953038550867
Cell_307,B-cell,Batch3,Disease,33.1716924345307,44.54201474693673,63.163297362697506,58.5864689967916,48.20887987401687,54.60708870698559,52.2064419579949,error,65.36929561542405,51.93094827965177,56.505613881347585,47.34415556298711,error,34.2511038725586,27.2897211189851,37.989433937254475,52.47699862442861,55.04374843031614,45.8194536007974,50.64874297384237
Cell_308,Unknown,Batch2,Healthy,57.71666595477443,60.96083593082048,71.3540597874929,46.679450113412855,44.35868440626812,62.123291452464755,38.98276009698506,53.27396033572561,61.35848952075365,55.196753932666574,53.45003723196619,62.57337359178099,58.76509702464051,35.88355306980074,54.92974981470935,46.55951840367921,42.10851470467751,,48.95462973594601,38.052786217279944
Cell_309,Unknown,Batch3,Disease,70.42822787308334,31.885835036422996,59.16089487787547,47.7073246676125,79.27866295433623,40.95117802265716,38.366283742197965,,42.69970704946768,53.51488399177298,42.580341188898295,46.6932175970915,41.94512979436877,40.376001740017585,37.495058238187404,55.358249419163926,56.64642284810481,32.997413246978184,23.142554563127014,59.551155350563796
Cell_310,T-cell,Batch1,Healthy,47.783809880448736,44.798949934603996,error,52.2580194211374,49.450639640250536,48.005925621230965,44.92544382120535,,49.05346146458297,50.144371424310584,27.616271276663255,50.00594792655016,51.00703086447254,37.011901540332076,56.412016519666444,34.274559561231584,53.58641972264054,50.34417438622768,37.815411747563644,49.70954553058721
Cell_311,Monocyte,Batch2,Disease,44.83118221387608,42.39683030361331,57.91827569185497,60.61357539272608,error,40.81313801782725,,,58.01404898283355,58.371487157022834,,53.32512851632472,49.03978169840646,55.77256061557068,59.30220858003668,54.62936531494082,50.716670861035475,25.340234220644593,,56.07683239011574
Cell_312,NK,Batch2,Healthy,56.44024816507479,45.44370186512916,52.90658526315045,50.97378934484758,50.482710223576404,37.08277305167644,55.158970272788785,72.37767541747417,53.7668856929684,64.54337687106164,39.74753697131294,34.96112718193719,48.122602709175375,52.93981958029666,39.919142499846885,63.99815291243131,56.89090953905601,63.37791194875112,36.115646747063735,51.29769501467759
Cell_313,Monocyte,Batch3,Healthy,54.28036844165216,,54.67385387511975,52.858270568528035,69.7234222361669,50.387302092276464,43.505123206278185,59.531120095609516,51.42666679609874,53.015493737046455,73.3570567684755,48.670223399697115,56.84917611796071,63.90943516855766,55.9030554273658,59.35344146776205,58.73436592366677,38.75130417631578,33.255706363242446,42.6875145226662
Cell_314,Monocyte,Batch3,Healthy,50.124817087096595,55.64701425045049,39.528344370866314,70.16435316672684,52.7942045149398,42.40139482769561,52.37588256662992,49.536650483413986,43.35614726024463,49.413726061956325,39.133783311567264,60.53719524483956,60.41962420761311,error,57.756551231667586,50.67274836288368,52.867355771394756,43.93217198238863,65.73763925383268,59.10088400260304
Cell_315,T-cell,Batch1,Disease,63.86968134480382,65.4343680082671,47.75699209672995,58.379862818886124,62.71599342480626,27.40718764528625,40.9292473534543,43.43835387365843,40.159321011410725,,24.067934067244355,56.04552590755147,54.33269577953344,42.9690910768732,51.763925557536815,47.62786616455032,48.31585145401439,53.98682493598211,57.95500848850035,60.59157440469061
Cell_316,B-cell,Batch2,Disease,78.05026354491613,47.71688191247361,51.22320122037074,66.06601341587435,40.58626575391669,57.18412917044753,48.113294845165505,error,61.663526951949954,53.16299830871884,63.83259886360179,46.63241961479417,48.22254882914871,55.86988316064202,47.81312235198703,44.416019153611465,48.692713951118826,61.11338272714237,55.73576588846914,42.978962348206935
Cell_317,Unknown,Batch1,Healthy,52.90486770573755,46.92854174065952,42.47859598816091,error,63.20380293429221,38.81228320155,55.13147578078174,29.478040670329516,53.59224330557451,45.8489753568028,45.89823522987227,38.40713712579136,62.91889441322192,72.73000923341401,55.398380409753166,35.86951701746874,53.193206908860546,53.18720256470442,56.45987399414702,56.59618548441016
Cell_318,NK,Batch2,Disease,47.77767758167346,67.45184185674357,57.73745156722318,49.00109635650661,61.040831028637015,,59.8817983985914,42.931577781980025,41.86951924707343,26.91986868280779,44.74361062245273,40.49202184288388,41.903098732091834,52.40735820944453,48.67683053546437,41.547136346769214,60.99294857456248,59.877217245215675,65.7134745335277,60.28473140858663
Cell_319,Monocyte,Batch2,Healthy,63.2273827441594,39.66109590106346,48.273301854723016,60.717581945872716,35.79935403585941,59.195033823248444,48.44427370072644,41.91189968855531,67.74184214433961,48.494131975993284,35.17989308583232,61.17236821366445,36.23101527417994,44.9879382605493,56.01970118725759,,46.05601268572611,67.71172256964871,50.464208474212924,38.63451979512142
Cell_320,B-cell,Batch1,Disease,59.164598122643596,53.43064054658854,51.332861725962424,47.633381093072664,55.517262046676095,50.3373955409322,51.86022204222141,37.85524014518017,36.45810251795987,54.87945059871657,72.22323256023805,75.53530575540766,61.957169256265594,51.67678455025264,,37.30018625045621,50.45446350301958,44.43003171457808,50.515289067562975,68.02887355863899
Cell_321,Monocyte,Batch1,Healthy,,38.16343695569412,44.223874365460006,53.55587669028031,63.948316336080936,,50.83551767392414,28.595215257209222,60.39953794004643,55.56530147629934,31.788548043051968,30.70589953750392,62.117875527694906,47.62193350074559,53.86613152208822,45.114047567342524,42.04484124103603,57.19946242848511,57.20017298985921,37.80512651158414
Cell_322,Unknown,Batch2,Healthy,52.29589244622862,55.01979078917519,58.44285139211342,50.036159487332256,63.83900211134204,56.30166186225667,49.25133783126502,42.28903200530111,48.716968944798815,,57.24981339357089,36.348106138247104,47.477134879269464,41.19445417390098,47.69998224908167,35.4893112623339,45.556717530077464,35.97316730271898,39.43832990724575,54.168146314095296
Cell_323,Monocyte,Batch3,Healthy,50.3554521511649,45.88618796336195,55.415045896979365,56.83530685075699,49.42439018928752,69.70211248996105,51.152848906140555,59.807083327079624,49.55779052428394,50.83473610822019,36.88065976564696,47.02599614121134,58.97861232995319,36.97800612412888,50.14676868062579,57.77234058187457,error,50.76416389156752,30.003131680691773,56.546075119459644
Cell_324,T-cell,Batch2,Disease,29.295722347231397,64.40114700309589,50.02442865152516,45.72499737440678,49.87966787574827,56.83293485548419,50.070343180586164,51.20890873865153,error,38.19460156366806,51.824627318628814,59.02320958162367,52.34516702254728,53.44961282563632,45.56201751350799,59.79105639463491,51.95982807536934,,47.38615950396714,65.0365254936338
Cell_325,T-cell,Batch3,Healthy,65.20305321163549,50.25607678452506,36.427981974041714,,49.87307211681633,58.954123958760334,38.44637192972348,54.09936803199622,65.21756887953964,45.82249499551013,51.42523338388731,49.523803975052104,60.14111182056956,51.36180603586489,,51.91295448156465,,27.87714199700102,51.0711055186446,46.35346643888253
Cell_326,T-cell,Batch3,Healthy,44.41615323707212,38.449434652722545,67.87849781610802,34.38042951638978,44.81840081403646,46.24363399166608,63.703037551808904,57.47360048307037,55.83322227131604,38.15743917528244,61.51305652869364,42.715373177070816,47.505331234780925,,51.28296038085682,48.40850148644446,37.80186495116643,43.704327800147034,60.76624999869628,50.33144432587137
Cell_327,Unknown,Batch1,Healthy,69.55295870413364,22.169802359992925,62.75560640050841,49.08538329679058,error,,error,51.93321012204826,,32.50739437043211,50.55146866062487,41.486897220428006,45.71327928752781,52.241618560761644,45.733009480702556,51.090674855948556,70.00778755410323,53.626553261567814,45.97973536717908,58.53570778306363
Cell_328,NK,Batch3,Disease,46.59316399017601,40.310118532529685,33.823947452501095,46.69712378571366,60.474951577405186,29.23869750583728,53.16947029584969,39.659230758977124,50.39795352211411,43.73832169257707,47.24770470253667,55.66698822653197,43.56854078477541,,54.81563544252148,53.110046693141214,55.752192878254306,63.25347527812681,68.19887341093298,53.5112588613438
Cell_329,Monocyte,Batch1,Disease,54.90560674783494,56.123931621964886,45.6576472835187,36.72140590604397,56.877600830997615,51.86547244818829,44.08440760378146,47.02597657179592,,58.086078600783225,55.993256089683584,46.91052318781873,35.31362328799706,33.412770945246734,42.24918761509562,53.21253273210514,38.32798172549674,60.57480242932176,46.46388075858804,error
Cell_330,Monocyte,Batch1,Disease,47.989618984292015,53.05482393635136,58.56859723171554,66.50801364720543,56.08649153589867,53.88790547084501,38.42530410290785,47.32351040679639,52.90759193821424,45.64696040183829,61.42189569991694,31.884926710893314,48.70165900795034,65.02434110509162,57.67273026938,47.107820050446946,55.73726794959328,34.87412852201284,57.71518088613447,59.074382304803336
Cell_331,Unknown,Batch2,Healthy,57.14860130451895,46.59998502480062,38.65879668716974,37.49522576569319,,52.83732594868726,46.47778695060938,47.373033248153,52.439409151560085,52.45597850284961,44.14565966075071,49.34704613041018,56.17208074848267,44.233744309065614,41.86175081913541,41.54201401427882,49.43777565423392,52.75264770097068,53.648037225122174,51.684556027162095
Cell_332,Monocyte,Batch3,Healthy,44.92930171999437,error,70.25502091500046,70.34199323292944,58.47564141809417,64.22406759861121,65.70517703260171,38.83552856968069,68.25132371521276,49.006707140563435,61.48330971123878,41.42875801072181,,57.725319385163694,59.385280511058035,53.37683035738854,54.92177663164598,54.0722320759058,42.597930277204625,43.58578007780057
Cell_333,NK,Batch2,Disease,,43.33910328242264,29.280737772368894,error,52.26512535448727,36.72931518409962,61.77855769783593,41.81231859418062,,35.22372254448165,47.90480799467419,48.22278864214946,42.85893450450417,54.29939421880037,53.45039159272894,60.00950443658088,58.68177475261819,46.38537552026969,error,45.8803099735075
Cell_334,NK,Batch2,Disease,58.63665706676567,75.73447768597386,58.36597088699073,53.970714645129036,,66.37880866939241,42.18733137723633,61.0124060339855,53.39872811196859,63.3795292066587,,41.327693212600025,51.96094629258681,47.4748610417503,50.2616296209144,45.049066743543946,52.84508186627169,51.29439938645511,54.12464018487009,46.477037891853946
Cell_335,Unknown,Batch3,Disease,32.689764656731285,39.03666959656077,38.30607411786638,53.77935665119017,41.63378845087561,54.203038211306094,error,47.62317866938875,54.11264509621314,66.66583346284777,41.20921823831523,32.02415361019192,37.358665230210946,55.26822513803735,45.02705546369965,36.12127221340642,50.01944178748357,53.816057757149714,51.41060121243518,56.04921730317811
Cell_336,NK,Batch2,Disease,51.35636432121942,35.0193767127023,63.52579966228328,36.563187604552056,48.09307713199683,52.52876911525691,58.784973308373104,60.77649312694183,49.613709893127435,55.987688696492356,53.65426995231763,56.34932373695439,error,33.698217849421155,47.25593931637171,51.81340771651119,63.88894285006926,45.9860295421518,,56.907740297392756
Cell_337,Unknown,Batch2,Disease,36.552639224748475,67.6643896791064,45.08793479061769,48.1997502189506,54.558130297344576,44.03578430810736,49.66964305094946,48.975279217874856,53.435810294029295,53.623947057653695,43.725659417448334,48.89861837765773,40.585926820578734,46.601249367682755,54.43655823360874,54.83881716312629,44.07838691375122,error,77.83157087176915,53.014371090167955
Cell_338,NK,Batch1,Healthy,53.17643231270919,44.18345227932442,56.853535036617885,46.89830132523777,42.84480681296368,41.71272426864639,46.98809845643895,60.774157955659774,44.36803111084339,43.718471040465765,24.4839301341294,60.90274446674484,48.01561435427252,35.47855738043452,error,error,32.00188373896372,49.65569508666891,42.65930766386916,60.435172270686714
Cell_339,T-cell,Batch1,Healthy,55.88768918933429,42.227514119903915,37.91349027633113,52.83516885702202,48.73233317561804,55.02473838755095,74.07406436267955,57.72250015811827,53.40351440731375,48.61432047814401,44.59179654568014,error,59.287927667056024,37.26677797015846,47.04665553301558,37.613162048440266,39.61947727972175,53.976496637714206,47.41444146114201,40.04809159665271
Cell_340,T-cell,Batch3,Disease,54.269837137827096,31.4289757089763,46.009711224054726,39.27986457496834,68.0538898185921,57.538256531319064,45.154157967626325,48.59081247702726,53.470758979559506,55.20982425763567,42.0134140013315,59.09274891829159,48.90061739205362,63.24565550688389,62.16756862991007,47.606959643905455,48.07310135095506,51.05909110413433,62.76939774121252,57.94571081039484
Cell_341,T-cell,Batch1,Disease,46.778436909611735,31.478252411691873,48.6354674728186,50.55239378701152,50.587209594054,36.69715915197169,56.71601250231483,57.770431347779535,43.400158675122675,46.963374013711764,53.01215977858886,58.65492734238902,,62.16100335460398,38.03422988106984,56.08672489921038,39.908515003904256,48.830240372034126,60.594534492913205,51.9579954950223
Cell_342,NK,Batch2,Disease,43.600963361887096,63.17027841158777,52.42092136745473,58.31026238877027,59.69341829121069,57.290560001373116,48.81941262145736,44.911636152787636,52.165120076456795,48.20300925015127,58.32094924953436,53.535134679465806,49.717847953714255,43.86583605980555,45.97547785160121,67.34472996277024,39.98933444208649,55.31667475058364,54.85239404445818,51.10799587181255
Cell_343,Monocyte,Batch1,Disease,44.307633014985676,56.63586028329948,53.28682128681526,66.30634477407938,55.32237394498867,56.81059819679731,70.59417699786592,58.395805325105705,,41.59332964476979,36.33275498638949,54.296344490981284,64.83266230088174,50.02985071080086,54.50694898515574,56.37636460763805,53.80395368690915,31.20620853727497,39.19783362874564,51.65107342842266
Cell_344,Unknown,Batch2,Healthy,43.03844680936864,62.97180343299695,36.80914361147717,66.63379022385274,65.14053858412586,39.981247622479195,58.12959032407604,32.61646573454894,65.08763952725266,47.63175813471676,,54.726968089029626,71.89040716292101,74.57899442175189,39.95723324167574,36.68155583597574,52.26048581154561,,32.15356350574423,59.46859060894745
Cell_345,T-cell,Batch2,Healthy,73.21464252143961,52.05073254732488,,43.61661962806238,51.89472076042685,59.43941025964054,58.057959435630686,56.55126976616205,31.053841651286046,46.422334077499414,58.86462220048358,39.023319238375834,53.03386599513753,37.51579870204806,39.320645078540544,39.3332838798931,error,41.00922448762784,43.24652007338218,60.138523989301156
Cell_346,Monocyte,Batch1,Disease,44.786564214183,55.29504297965775,38.257971486211545,55.587320066141714,31.352946358124374,51.90156630278442,72.47068162749747,51.61240742835718,53.715915289201554,72.25794406605934,60.60499462738007,36.17785799062305,,56.917856019504555,error,56.58291508601171,58.724977988538086,20.277448471205965,73.73115194165374,41.978549180739115
Cell_347,T-cell,Batch2,Healthy,51.75241868165331,,31.670172929199623,53.64270127253892,54.22471380898403,,58.72128321487676,,44.960131372049794,33.23723289678743,48.64314845008836,48.27169122560332,57.88975542428071,38.31930054983926,30.994136920598628,52.0997710038608,49.96907191346992,46.967788775753824,44.93514997240907,42.39865233595678
Cell_348,B-cell,Batch2,Healthy,69.01531666391406,49.226579525028455,37.399877735924235,42.11528424237243,43.93133696702795,48.35156852027817,56.64747671453702,51.17551230226916,62.797887946182605,,53.264224469261606,51.427327234108354,46.653286774649246,51.390508269841796,52.4263439843064,46.93704320530612,45.353560291225214,48.24042893167885,57.53507729008393,
Cell_349,T-cell,Batch1,Disease,40.89956245294158,51.371342666029065,45.552265218025376,44.95292829643067,66.27460271629596,,59.05462339427622,56.48288582555301,44.59623373466592,45.44617969680586,35.94541502073909,50.745979033226824,56.959811542359596,53.872494321241746,56.122264011723914,48.11979855102329,46.180543295639616,42.84897311083399,69.9269145743323,61.04508045760876
Cell_350,Unknown,Batch2,Healthy,47.99803400224883,46.934458902284625,42.23022617141753,42.736982007058,56.379598538004444,53.01792133060501,56.10016786814241,55.36980369037935,51.98070667448485,74.74087800542247,63.00789868318679,55.61260913381358,61.137893472216284,44.30946425427334,50.51975953522081,52.04654466170414,49.08345407949316,52.336385893867345,48.38931634947244,51.525480764085096
Cell_351,Unknown,Batch3,Healthy,37.166746091169124,59.177499236253006,44.13644368498399,71.64998255684239,47.58642343841603,42.40510369058147,33.00053468747386,24.004351445660625,49.24155184862104,48.66846437981003,45.13403895537996,55.065430891071514,37.80201426240488,57.5114821106082,58.08043860538004,42.357717570581656,39.260616353332246,57.293592297440206,36.74799169196156,43.47522413945897
Cell_352,NK,Batch3,Healthy,53.11198605411589,42.33366077135179,50.16934141743819,65.62174463563993,32.68662431245504,39.0723863216359,44.01572392201384,53.70546543238434,41.08398695908744,49.48266451280302,47.322218991203705,error,54.36283220756763,53.03545268322232,49.02052968960307,42.33542682813684,60.535292613361364,62.52907072917719,43.07422555470238,77.46362717638567
Cell_353,Monocyte,Batch2,Healthy,62.33016581925012,68.41178487906257,52.091086884484355,49.28963317614925,39.38866446822645,37.4105902966317,59.42189355293903,70.78377046417623,34.61087712533721,52.55763253541314,39.60926808388858,55.151259472249464,45.74394391154436,,64.3984090579336,42.93807092467454,40.83347491571538,56.779181158261814,47.71078053282717,39.18155269065042
Cell_354,B-cell,Batch3,Healthy,51.66970622831312,75.55563680874336,48.7061259630919,34.86526126327029,41.623411372306904,53.78992796750707,58.28884355078816,60.756707968299835,65.06854996054754,error,46.732750861308645,59.869270543443065,48.99632730548707,46.159318347778786,36.027494919967715,error,46.49139224625612,46.97802689762695,56.10498734723071,51.38702294341952
Cell_355,Unknown,Batch1,Healthy,51.38661609027466,49.91805742636962,65.62044642177764,40.56083734534685,43.90648419451465,57.660679823077,58.451708045425455,45.979796184323064,72.27654621908977,49.39298166457755,51.256224732406736,48.051011722867685,48.0052068752487,50.71480496743818,51.50679638740054,65.03599277618301,48.13074392781214,29.938508046064154,57.05661607718511,63.10772055927097
Cell_356,T-cell,Batch1,Healthy,58.723720210722426,52.42238828741849,44.257148309274704,66.07846772953897,68.38076317991643,33.78274632099675,46.753367679229825,43.33245383324044,43.2178314108375,67.9960209730251,53.63620863575649,57.049123535060716,,54.77249974247592,66.94925256079506,,49.95411438084078,50.412352233690115,51.88557400480093,47.92201700385316
Cell_357,Unknown,Batch2,Disease,53.495545937158504,56.2315735216929,47.25110384443718,55.850265665664224,50.331826690290285,,41.498428198508535,38.9122611171686,34.51162766337161,59.13414103331223,35.24034237066844,62.21008775769197,57.155649765158735,54.33199318029717,35.50549903440248,45.33366084765861,38.68300429012167,60.193270066623676,56.03080832123408,46.906953260955696
Cell_358,B-cell,Batch1,Disease,52.25588714401046,45.88458240371602,55.61046070203137,52.45320339939377,39.7169073950868,38.10148010593666,37.84041896191681,49.53137237003005,41.08338056806204,55.67389891070715,,47.81622700524535,69.40134439825091,73.89130511181631,43.45837147508762,61.858851450674095,54.26673173781853,51.964522115517426,74.38277002756902,
Cell_359,Monocyte,Batch2,Disease,40.3613300234942,49.21714166585034,63.572469445734335,55.75283488349833,58.78168923049106,60.671016101148155,error,50.96199316362256,63.57239428055402,49.46256524597654,56.85410548447829,51.13894591797472,41.91614706507308,38.645239952355645,57.450767610158394,45.5865674334152,47.25031724463287,52.61797847209709,,50.34128501103127
Cell_360,Unknown,Batch3,Healthy,30.143866133694928,54.15298540407716,48.93562015665508,31.46029914180319,37.80909632701527,51.5855567538545,41.01770570144847,54.66314485224023,33.47655023097488,,56.84070120352576,48.44998860585106,51.3387136591882,error,40.333455207850186,42.86686523169228,44.25848888681955,46.02099693453814,55.687799731952865,66.95316525339935
Cell_361,NK,Batch3,Disease,37.73743992995736,47.049312509390965,43.708591610533865,62.48359384739763,73.57076305889905,73.38594492416495,52.078187074415865,60.606330312486804,55.18903772532321,59.14184442980891,66.00286421545715,38.81095543327854,43.64642910860197,54.437688965807084,67.273054306366,44.19028123258273,55.05785990566973,51.39359137245846,,51.435705742954575
Cell_362,Unknown,Batch1,Disease,56.275819307485925,50.56969939726601,63.97461677382847,50.40473097762763,45.417156611191906,37.56266671027055,58.66762432809986,48.96303062715615,48.25315802491798,52.950413528238684,43.78231137850666,60.54450947629168,36.33366690054479,43.15044383968496,25.476368213404687,55.61125828037808,43.31205333952215,,50.99878929070272,69.50268138817742
Cell_363,T-cell,Batch3,Disease,53.33921740477817,54.45098727929333,35.96135187140381,62.60595116859953,56.959755076054954,54.84475613178835,59.30274806822844,46.11868847098104,57.8658168477373,42.46266403108091,59.19481898625388,37.73170476236656,66.0978845291251,52.32534991745372,42.9911093971426,41.18241272023637,63.09780980815426,54.882884300183335,52.056847591301384,55.56767499444144
Cell_364,NK,Batch2,Healthy,50.036793880639664,49.704421028977826,49.19133245692336,47.56330628294464,47.54009877176855,57.90606359364461,30.373877090768243,46.706700908777485,49.61499383683923,41.431513251667354,35.647428271063205,40.95967930999772,64.1642642024577,39.57444772092811,49.676806457305375,52.48414992033483,43.97706556143603,error,,47.984946640465324
Cell_365,Monocyte,Batch2,Healthy,44.49624060616895,47.081846457742394,49.711117493752774,44.47256596793899,39.8332499497825,31.776863335569903,69.67205713447783,44.0385856710524,52.241592054052724,40.901781164534896,54.73628745664985,53.76970767233663,37.80458216579457,60.610208169148805,56.47624630782259,43.10059569383009,50.8736234956313,38.82749030266002,60.16495549380908,56.04992993893578
Cell_366,NK,Batch2,Healthy,49.02140864472442,error,58.99836185487782,55.791193169868606,62.0232557004293,41.193355989595666,67.17591949671045,62.559480822075535,59.93438038413018,57.08880737285526,50.20336432458022,55.6070040805658,39.89579670437012,error,41.323759014680824,58.08638010624766,,44.47020641157029,48.90910155742591,50.49973710026484
Cell_367,T-cell,Batch3,Disease,49.48321990505373,56.15223840059859,35.755308691906066,59.230701330873295,51.47189278618282,,30.21618411802995,57.76654386358262,64.60202114706509,53.72985693421463,56.91927093675605,53.43038279175509,42.85262228097238,60.67267253162227,53.51614292770128,53.07564500154351,42.63398607153169,58.89601485495104,61.4710742710601,43.83553204613625
Cell_368,NK,Batch1,Disease,56.02228702144291,54.25696111848912,49.86568861207924,53.43143521267652,37.79281688468582,48.671032778127035,51.655371392769474,50.26509045744702,51.02020164010011,48.15273100451617,52.79048212145305,60.290608169167925,44.55310733892396,60.53703455057166,56.1276162549413,50.5289129769152,54.04563610535068,61.08684776634964,56.57433023436343,58.561064465018404
Cell_369,B-cell,Batch2,Healthy,62.03894964322095,58.9646311379487,60.63515612658405,47.455109209825956,43.02318033280135,18.225133864625192,53.90748487247718,34.403052004278756,58.99476388596265,44.56709954334728,45.73265538163016,55.58000914493823,33.367871694244975,38.96169983926394,53.096754492388975,62.33078160644289,47.6075445817218,52.06925374582584,43.32612348456067,
Cell_370,B-cell,Batch3,Disease,42.63974278286553,36.62920688588477,41.462851964424296,56.23659285321915,58.52602782181731,58.63729850446522,42.19845419499158,54.29951297445233,57.1639002263545,42.3236078521626,62.99983119467993,42.407586814047534,38.65223499712245,59.4714424333262,45.28298143370694,57.058828386446436,error,31.52697717491899,57.82580372673147,53.73762426482393
Cell_371,Monocyte,Batch1,Healthy,50.51209310212461,55.12653001045149,49.22092942962808,49.66767169480325,52.21542261597392,51.06601083718515,56.223288080198735,60.52171044370505,64.58731786320118,52.74300969284056,44.652874586876266,48.001752714187525,46.13887322385309,49.232536876233915,48.012018437251655,59.07407271295531,46.22269290565818,58.62037530934063,47.14408169001747,56.21549053950762
Cell_372,Unknown,Batch3,Healthy,45.4114993435798,60.62227793627352,48.37642741508594,56.47618970412631,51.88748124228693,47.17804867349277,52.139398301523904,55.69302343540918,error,55.17445404721965,50.564029891952366,45.293826692953175,46.122878637643375,,52.232114858070894,47.681169558047905,46.692713217532486,59.504767907052766,46.04355495565436,60.87453256708304
Cell_373,B-cell,Batch3,Disease,51.7938462390223,60.21225994009296,69.83329656608548,47.027205484198454,,41.24345180351352,69.20752198913485,63.18217077561471,45.19911571741919,61.391476346052876,61.48913859648225,46.15428228544519,50.84914511793769,63.10313092803188,44.38730272986308,52.876932313603504,51.87986122362095,49.755676665303284,42.0274723491526,48.366007645721176
Cell_374,Unknown,Batch3,Disease,48.16169441131348,54.149571828555125,error,34.93203285973274,22.44592743254688,64.40428939583283,46.8499654218665,37.56325927405199,45.38574584466949,59.746120546749054,58.068844063474515,24.580196315772575,36.3907441035792,56.87711361759218,55.74792432191086,46.40495660607854,,74.45019150588695,34.64325066377792,49.84240540392568
Cell_375,Monocyte,Batch1,Healthy,48.89822141147754,51.385702581263615,42.23397837447273,error,33.41762137301755,45.79330425890313,40.64695842017073,63.83104950938913,53.517859846448104,54.63492606402578,44.503161559448195,44.24858041587357,38.93636541691746,56.179265440232335,42.14917311132574,41.54589245957192,25.32749072550889,61.218023469597085,55.992908208205,49.51272024179352
Cell_376,T-cell,Batch1,Healthy,51.53428902935192,62.4324670989559,34.5194525151453,41.04857406779713,40.03806215695086,37.63445336925915,59.589116179017104,39.09003179151925,52.08454431271001,42.327924859849574,75.69033989190842,35.083995088166056,66.81340955452316,44.15334762512782,41.653079185116155,42.47011523714443,47.091675113221775,30.574846392135253,56.221143059146776,34.3181194040216
Cell_377,T-cell,Batch1,Healthy,56.06521090233112,59.88833336867763,50.3208955090432,53.48756353309878,71.03752993507194,45.9065421760681,44.1073285984424,48.67368218790894,58.135473618001356,54.371197502183655,,52.23618391629307,46.783984707924276,35.89432956234967,51.64316978118561,49.53406592588761,42.65842696345896,63.40966582674536,49.151632120027784,
Cell_378,Unknown,Batch3,Disease,67.2212844821392,42.106123183285,59.927964239983694,,37.41039422512852,59.59933104286843,42.46781424833944,45.18936054402599,44.356752552828944,44.12518398270761,33.010173219503756,61.38359287553365,49.996400373911996,45.08613036107576,55.920570060005275,error,43.660519250020286,38.444876631746325,69.20338129371206,49.6414442768667
Cell_379,T-cell,Batch3,Disease,50.45412095590109,68.84327750686658,54.23887555965233,error,58.64488544198295,51.53754972546274,66.37606094807816,49.87671809533424,38.50499459967329,45.2347938990703,52.814021095152725,,44.703076889063524,53.13403438290255,58.01199829357978,47.17228418664082,41.71959834468184,52.736633134627,60.43751204372745,37.59942402535562
Cell_380,Unknown,Batch3,Healthy,54.53614137942094,50.297941355333876,48.43930907574114,53.069860741660605,50.58248226422463,53.31139481969169,49.834046202564046,42.14498398060134,49.39632698310504,47.11953208521543,47.99728030043936,48.00001804727563,61.886395667522734,40.21008238580124,68.32009695307882,32.16573349767502,43.68432267586124,48.26668866641758,60.94638707488752,62.07825712379346
Cell_381,NK,Batch3,Disease,51.70376616040068,68.98924012827851,49.818883353820624,60.99523199721513,37.043617209265676,59.0475216153806,46.89838712884581,53.245049032752824,49.381309981710395,49.12607074970855,41.654346157646145,47.08895209192293,61.749706719229714,58.64212659512961,37.899762443349,49.847894807317154,51.59631801614785,71.18190724570317,,55.21991881404436
Cell_382,NK,Batch3,Healthy,48.58572538265788,57.780060307083076,50.95064782219472,51.542223795187624,49.74051776498004,42.48280194734254,43.71050464518876,51.72356515491147,45.97550915731598,67.08514181978458,30.995285485697398,48.86145969758814,41.950507579893014,44.81107084692849,42.842015469198024,60.3104267002223,41.22455894071419,52.96117567786692,41.89187440574644,36.46405122370031
Cell_383,Unknown,Batch2,Disease,53.2184481919737,42.20208533469817,42.94476493834556,36.68815912703306,56.182971925237865,60.08036052256738,,52.47803269169915,70.47932263855671,64.51234868335503,,44.50657021476522,error,53.10093189615118,44.2245267744587,32.49036889225327,53.82784549871253,38.90479070756911,52.56302377841126,63.91171371242361
Cell_384,B-cell,Batch1,Healthy,35.26129913493824,44.30696576577753,61.40921530412125,56.21246812082388,51.573205260887896,46.71043302602959,49.107532615019714,33.25161039701437,42.076578740172614,44.276951141232786,50.43091367204593,41.439329917999714,37.75716690032538,54.62591375285373,40.23690799003147,51.32667535752525,63.38402186120781,59.5041035787358,39.04288593831815,46.368820256174864
Cell_385,NK,Batch3,Healthy,63.671405579955,45.17945973944932,55.00048003433731,error,24.91774318999163,47.07321452118197,62.07872996021245,71.44723359696049,38.41183211227824,40.926951301194975,52.82121327670407,62.79303252159075,52.27142000771786,47.97156083709289,45.49044431398979,55.14674721880903,55.42246151149858,44.55159254563283,41.37998706984765,39.20719580155033
Cell_386,Unknown,Batch3,Disease,48.29779412863226,41.83015556010368,44.32770956052673,65.62475701830364,51.51921576900583,51.69204823697415,47.636002011931474,32.93463521071505,35.2914412554694,53.569757826849674,48.944367932885086,40.61049291832303,30.148953575764533,60.27230415089789,34.123086976165126,19.441040796467618,47.78835586610928,41.95138224914101,52.53161787691576,58.82192432708142
Cell_387,NK,Batch3,Disease,55.09007006464847,57.77955760869689,43.275315589508246,53.4246247066844,32.75165160422854,31.418586289445305,58.36528630313231,43.17502910849731,46.59336638509808,53.02808284874736,error,39.50328643086274,42.148650520101924,51.68182181398014,41.79427449327429,52.6593284903295,34.052019326110624,45.81954932899006,46.521744509199856,34.10609849329042
Cell_388,B-cell,Batch1,Disease,,67.59989210020473,51.28358348675038,38.24428936691884,58.2234286630093,33.48521208780234,50.261466397772296,33.70006108179891,56.13651572623934,46.187041107810124,34.96765507500711,63.93860926778312,30.984028640772966,44.24064189743798,63.2080792354281,error,48.794824925859736,49.90380905295483,58.72068418736757,69.03971223771663
Cell_389,Monocyte,Batch3,Disease,51.51841609299428,49.55681314563695,34.15243069708724,43.73171914898292,,40.26783714062756,45.92305097488628,46.30387491250516,error,41.22098784381898,41.060242437372196,53.890202201287096,error,35.1648745909697,39.54188378605096,35.22997085400247,54.149745789089515,58.01521033807488,49.656379964606955,49.75717187150284
Cell_390,NK,Batch3,Disease,48.61675318461664,48.86445971436305,54.922174609676205,55.48536135718991,42.71115817472775,59.101849861411864,55.737306795553074,55.59455230540881,47.594085014778805,62.743233889139205,47.00734600926144,49.46706820022854,68.5911447229077,39.69299788968051,40.73438071251612,45.80188458764098,36.77265941694605,52.14775630864724,60.79356998003725,57.023115803803464
Cell_391,Unknown,Batch1,Healthy,53.635152410896026,error,48.50527332538157,25.317519229729342,64.88844027452483,54.143309095216544,55.729287121161306,43.56219743492176,33.861993858083274,48.1630830653375,54.91507961573976,48.661003783375406,43.14977580221618,29.574208832492484,49.362576219560715,57.10469903254066,44.06163337158743,,error,56.508412116957906
Cell_392,T-cell,Batch1,Healthy,38.59389900586766,43.228376737942185,57.09029063157713,50.719677581858456,29.55694956094286,33.79680127434256,56.26492558302428,60.89586176229814,34.55495717702142,51.837769677151435,34.19342698615738,41.879498502255174,58.02579624260834,35.676334974060374,44.20722348686818,62.852115255270704,53.57137409584702,,53.926238735100455,53.285105536379575
Cell_393,T-cell,Batch3,Disease,,51.64647638445304,50.92399374125496,33.7257394700917,57.988911313914755,42.65273050070098,37.88939371859736,53.94980953863848,46.177335560093475,60.08366823189845,62.82525437782285,52.09700159058803,41.97208953960154,36.4084548706917,64.6829019833066,46.36255070224229,53.44988081798733,53.465804260377844,41.848622961482114,53.92859296110768
Cell_394,Monocyte,Batch3,Disease,63.208450982702395,43.26650665659826,,52.677616349641944,51.150295268637,53.31617088550249,26.644828094521134,error,44.831913701984824,53.943805591395765,57.42957125491241,47.498003913754665,45.610699484720605,39.7883421938497,54.701659574658166,64.97626403579964,52.193737055173,49.07163869922847,47.8546442660487,51.30433518947339
Cell_395,NK,Batch1,Disease,55.14771465009439,42.30639544689051,46.86054964281553,56.89251698751587,,54.26027097206688,56.30473714124259,59.49185380671116,57.80367848956886,64.70260206926464,63.72392581205735,error,59.726152393942954,40.47763019506375,36.839700835619254,61.465603306742906,error,51.46188646514501,46.90419153477779,57.721521557549906
Cell_396,NK,Batch3,Healthy,63.53975344419714,50.60748084634186,60.65585533822201,31.195783873420922,46.61691398661334,46.39149647606719,error,,44.85591150293292,44.15376307894697,35.032263162831214,31.272026747444666,54.44057640794936,36.253853973944516,41.436231111878584,33.99000010643293,57.37598775618859,42.627985467522166,63.251618921017446,51.587313784613706
Cell_397,Monocyte,Batch2,Disease,57.858450452226435,59.11067774287196,54.115831852939706,41.22336210464482,49.07646700703001,51.14430464365471,67.10942920139863,37.03774195024302,54.14812893524021,77.1087660174274,32.220228666904276,60.741516548367166,41.0201926368449,53.68368729655588,76.08614641213943,32.35088444079648,42.02009990430575,46.87354635834869,49.41821112233954,50.008847882226206
Cell_398,NK,Batch3,Healthy,52.772578605106304,63.63844958001037,54.69445749959403,54.92573820560389,41.0877041462367,,36.68497990163017,55.57348600276464,40.21140417536502,35.883449291358964,37.79400252941466,70.18485088517934,19.97164943076056,47.922900023344305,49.108286372345205,53.69902066075579,,57.267435898430364,32.40586804253947,51.09709166375075
Cell_399,Unknown,Batch1,Disease,65.12010530909812,56.73440481045805,37.46253635434024,42.405189816283,68.35515117120559,32.269287840064905,65.67668818752347,66.84061547953425,49.07581954328234,56.104614756854374,36.095053382115786,44.32272041203758,51.28043651317022,57.00192373098328,48.1291661247255,36.20869468339926,51.92925055848628,55.71728695794992,48.9751149655601,56.77354916342627
Cell_400,Unknown,Batch1,Healthy,57.64587966817331,61.726321654810604,49.59671216953799,57.468443788122755,48.69782283303266,40.94634825596225,42.122006818403555,,52.11251720207427,52.42998517101271,52.736552758073465,55.05395409350662,44.34581093023253,46.34960056531647,46.66925126001788,49.834571566565174,41.98310387364472,50.64841903044228,47.117984380837036,45.26399286538664
Cell_401,B-cell,Batch3,Disease,42.9230199814377,47.21327596845726,45.47416418944323,43.66349255130761,43.515652935706996,63.73329941307169,54.028488586759345,37.244870296521,42.01583790307917,44.46140351978875,39.11125684804168,42.881269935775556,62.664976030090116,42.99375834750664,,49.47998143100308,55.79841782901463,,44.541902059434705,69.69245957833778
Cell_402,Unknown,Batch1,Healthy,64.68432473212258,59.918555757871594,37.75566289814245,52.65345728396959,64.19768867928654,43.4420041001403,67.13740612814772,56.847297159590944,47.79394035543215,50.5692917704231,38.893847703258885,67.46767437464081,52.3041731741426,58.77782571494383,41.48774382083416,40.50138526256538,67.93024481452863,60.324560638172954,64.22015262041663,54.14439737867549
Cell_403,Monocyte,Batch2,Disease,50.302548896863776,57.19321114485081,60.77603515545256,46.638199838984534,49.88496554023165,59.794617388085115,43.85459416424679,54.64103354583983,53.86972539619255,58.19726554856973,54.51007335624822,56.12237338170741,34.49641763926207,56.97219999502662,46.3557727218052,54.64016156863954,39.66167929678264,36.23553243359843,62.38810283440757,43.09726144580999
Cell_404,Unknown,Batch3,Healthy,37.50190813448894,50.24932568378021,55.390021581376445,51.943853660581595,50.97751489941992,52.48760908922914,48.23838011398104,error,51.351348487291474,44.72748857543,66.33748547727099,58.43286374215855,58.72462223129893,46.152308188472674,error,41.949686896985014,61.582546863795486,52.721065805180864,56.40470676745411,42.58039632274949
Cell_405,B-cell,Batch1,Disease,43.75651631637997,43.31639677269813,45.182620551473114,41.66006795816809,51.95001582043497,57.039278475273115,52.266877200376236,57.48498595475726,47.1011647698914,69.81829365440818,43.890334114969576,49.40698199516172,21.30412897363462,39.60638469486594,50.63598323476447,54.778741782706696,54.70028578565463,52.27211607662532,28.741946616206725,60.26703965540786
Cell_406,NK,Batch3,Healthy,46.973312813095724,60.246719112478445,,49.42184115932146,35.52137260039658,57.89720682393653,31.20293842603514,37.01507741766036,32.40815441106881,51.77873496517999,43.86710279944475,66.07131117802743,45.73752822575683,63.60929226910538,38.4858135130281,64.43463345710745,49.81441510865698,46.16271198461047,41.42585112300001,
Cell_407,B-cell,Batch2,Disease,49.78795789657867,37.67229050723434,65.27815294294338,,53.54791541899822,54.152596260444895,61.09569267196754,54.0297954183781,39.4716181638027,57.90920231233057,50.35402949951953,48.76781703201993,48.20609445589674,39.69406856983133,,50.061503599105194,41.805500901486354,36.943050524923635,33.316477191928016,65.69341947243163
Cell_408,T-cell,Batch3,Healthy,50.4691295975797,48.365990513651084,41.91662929095816,54.83144745196886,59.00623017293238,68.81736449834848,error,49.73141995928314,51.11218955498559,54.22347513932061,41.928648280898464,44.54502395571601,44.36283388924871,,46.2805823325535,39.593764603354586,40.4364618940228,61.63119898207742,48.68274418700492,50.282694298111494
Cell_409,T-cell,Batch3,Disease,43.5191648945833,57.814000294630084,56.50356038131158,error,59.87676009397672,56.824398277253835,53.683168087251886,error,,32.120268064999216,62.072206254832224,36.28010065279825,40.17048441699257,47.82129298562901,55.5714789676077,40.09340598392504,46.12638152195119,50.12855948479767,29.15022083670346,43.798850868157125
Cell_410,Unknown,Batch1,Disease,49.45505517717336,58.20406768115906,55.40061256092945,47.99538181670641,70.5735002728888,61.32555118603456,48.99163721794828,57.11195298715065,63.82168886970676,40.59679960011708,47.01584365388341,60.093916599372676,48.31211526214715,52.76433366620966,27.83505505658622,62.34641321171461,48.213701977404384,53.30048286770567,51.64258312359536,
Cell_411,Unknown,Batch2,Healthy,34.42528011486431,,47.78529002031081,52.7500010259343,,62.0464079061096,44.12047218690188,51.18904052952046,49.930965490164034,error,41.79985636990308,53.38642669581962,40.91909666067576,51.07207045251477,39.10092678003714,66.53113936084625,59.19945331083951,49.85763114595095,56.92109857024518,
Cell_412,Unknown,Batch2,Disease,28.81911650930657,48.6878691715167,,41.691030582766444,50.94539960124602,56.37119751806997,48.48998660575879,43.262217463377226,,34.417843315641264,52.783091840435794,71.8603069685798,60.37397253625065,31.28685041573987,38.077844923609476,58.52455464020608,33.38748585210228,70.57243219440346,44.015803221145404,49.99391576714123
Cell_413,T-cell,Batch2,Disease,42.904313696285755,70.08318499639493,47.352018950355045,56.862500448425834,error,50.84153162873944,45.67555169075928,61.87213430552215,40.17642328963826,28.64880786799075,52.860091588463334,52.846571865342,45.746346540199674,46.977604297088895,59.84447507445039,58.106920343480475,44.49800412975624,41.434956297229725,41.105396318216854,49.39195912361819
Cell_414,Unknown,Batch2,Disease,60.75246963514479,error,35.685904828545546,50.72803012054618,52.54884089508796,50.65496034491587,31.99154753028074,64.07165128207481,,47.55892149116662,error,54.40459660891796,45.248500476584496,error,41.717064337472614,50.30343704921002,55.619336611676914,52.92121445465007,60.13906942196576,
Cell_415,Monocyte,Batch2,Healthy,48.791818714585695,45.21629292896781,error,57.950588896160426,59.3170185399129,46.88851041897832,59.096451270217294,40.04763736223566,44.08014949854392,,48.25249796112474,57.19238248640414,65.50830907919004,50.8786365476222,48.72781136421143,45.64127698904652,47.72097848255001,64.14565479945384,38.987897564134286,35.430690701881076
Cell_416,T-cell,Batch3,Disease,52.172154806734305,62.29651848402351,49.98384628921457,44.696172646888144,61.71699103131238,62.208337377946044,51.13300633849221,39.12334280595863,36.73534940387641,37.29142912731411,53.17918404797837,error,54.64624359465046,36.2843035282894,47.705861674955514,51.97513239157972,61.826312795986524,45.58351483360658,40.25707407673704,28.043715219116784
Cell_417,T-cell,Batch1,Healthy,57.85932343884611,42.77169397136826,,28.256702510282604,53.3433309919534,54.985960505497715,58.30385721481186,61.04289054439331,58.9409344909311,39.121065896428604,49.742245891151036,58.22547732581482,37.56386307365983,46.62573640241243,40.054700111112744,56.987552905845,60.82649169965609,58.77228001670329,54.06262879636504,65.36472997930137
Cell_418,B-cell,Batch2,Disease,41.79009625001635,41.10145707978975,49.79401622838686,63.88813851191663,49.96170490340892,55.220328804235436,58.48319321896291,56.98897912182319,40.86208492702342,45.58493645292114,43.89109884107774,36.64907564885384,47.61953523470472,55.54648596237808,50.8902084981401,58.01222505266223,33.40060763763042,52.24284031791085,57.23400320180694,52.46362720578521
Cell_419,B-cell,Batch1,Healthy,43.80236352863701,,60.317640553329596,56.09247188764411,39.70246934893485,50.52465418600637,49.49586127870712,44.612666793541045,31.33491190856636,68.21562046985082,36.867016463607804,47.64235414567918,50.672948408544535,46.960663011037035,59.202141120624226,38.28209084740027,54.93642517060785,48.660580186527255,57.12969178980478,28.956597299916147
Cell_420,T-cell,Batch3,Disease,48.71647094390195,59.18308571442395,61.17003853614102,71.51624131072401,38.49316684856584,39.322107845343226,48.87115489950461,58.139581460813474,,65.93092679201959,,51.13343164702262,37.910415572606375,78.3805260284945,55.22627730538187,53.79512583352176,42.4925937448902,58.66485646317997,43.343466138323954,36.591694048649885
Cell_421,NK,Batch1,Disease,44.51988738685384,29.07627859331423,54.84728157773192,48.907894154487344,36.5295095200059,69.33179172103718,44.88919428736133,57.675898400187656,52.64952400068982,35.067367436528656,43.71409817339386,45.48861056265771,40.78176967252898,51.270029822910956,40.07821253088635,55.84835284958625,49.01986019247596,43.74539581439275,57.093852057061675,61.412130961794404
Cell_422,T-cell,Batch1,Healthy,57.39378465935892,46.748340237520964,77.12337308637234,,62.41124754719146,69.32861294171346,44.03694293448518,,41.84645100447774,67.0117330988321,61.44155906083247,52.71686693424898,46.07984604890068,34.6169626838282,66.22662670039091,55.15012177304501,37.17680068573289,57.47937051665929,48.720695342145106,25.554283221949152
Cell_423,B-cell,Batch3,Disease,48.553754321849766,54.810412874964115,error,53.19867714389304,52.08584071145567,51.78333972119294,51.73492078386964,24.555567781247433,57.0836429500025,42.146144261324125,54.90083012250567,46.316273859531336,69.88011811091013,51.198792362886095,56.15372806368934,49.54575291225963,40.893933974441055,55.686150521774024,41.5691701118625,69.33778594827737
Cell_424,B-cell,Batch1,Disease,57.52210578403141,53.62524029689015,39.49710724277974,52.236730217800265,58.623240040762184,39.809843589568516,47.40318925169853,44.282857310409064,34.8830874537156,41.423833843648254,40.91836794494775,58.28480183082314,53.6402352154617,57.60370094694465,46.11882574108857,,64.3307433158832,58.726554381150834,31.846176132476657,59.44272583382262
Cell_425,T-cell,Batch1,Disease,37.823696171373086,54.926236501700174,44.152929668693275,64.71202700076748,54.93132056885753,43.14098706936919,52.58663944084842,47.35749843527225,70.08550444722674,44.316041536965905,38.12256304556431,57.76417056240863,45.62730086679145,52.18819010872334,56.82250702179558,54.34188100859191,56.78246801724108,40.205298628398864,42.55583036057915,58.44428547495295
Cell_426,Unknown,Batch3,Disease,49.24412917745473,32.97696224026518,55.439561869507436,39.12164391798285,46.464052101678064,52.635695739426545,48.544133312467906,,54.795957684036836,48.161839350435805,38.53373885374384,48.31765176753695,55.42902373538904,46.51694632527711,50.05365664061659,52.01974749316277,62.20209165220175,57.167238313509436,50.74308516488666,58.844020518858756
Cell_427,T-cell,Batch1,Healthy,51.96792344474722,44.58167583576555,30.40575420018243,51.73234171559877,55.40981687033521,57.533196776864514,40.37853827666592,53.22609743651168,56.24875854307564,49.53340728296271,51.661397931125066,52.53919865816751,48.029422651156,56.86155357395853,36.67475288988881,59.11035378276582,62.95540229242263,60.77684092303353,25.98618828098921,57.90146441815788
Cell_428,NK,Batch1,Disease,37.82469585067996,51.54611839695007,52.72882493680625,55.909523069060334,54.19754187785299,51.44411319477553,72.379063206645,50.831259353790976,39.50553321947957,37.25994464349339,51.54827421474573,53.46705610256763,55.67801485321401,52.74583972321555,,53.230775288510436,62.9327736037199,51.98658805249398,50.42952294655301,50.63820645682666
Cell_429,Unknown,Batch1,Healthy,42.08864306651426,46.23787007977234,35.23585362899993,46.063406386723805,error,60.18561912040268,47.801157022704416,error,52.78031651031178,47.58163768777384,31.86303880968108,42.02821726961936,40.286865129855514,38.7526669202267,52.756685150700775,,25.794003970938235,40.661600840077774,49.70104367254884,49.626884587690014
Cell_430,Unknown,Batch1,Healthy,45.602483988336985,55.346049388479194,43.45810483397346,56.12463942510695,72.59777992879592,59.9646555263753,53.56197143965099,40.72760216038148,53.98063219441964,44.229590131135474,71.29042698591407,57.84914193238194,45.8891667879135,70.63396812097116,47.08901162521131,51.62128566502004,55.41547183262494,62.3790136838257,55.856227882520265,34.64285375951709
Cell_431,Unknown,Batch3,Disease,67.01377642564898,50.33274560624642,45.91651913390869,42.097817642528796,62.29261293323076,29.087669974740162,39.02173792632568,44.9073159516098,50.239354345637246,47.61405667121506,54.941657518154756,51.71665554885057,31.74630426340666,59.31535068814202,41.52465787853655,55.658413687611805,41.27688698798864,73.69168765622821,57.41943335157262,31.97120657584215
Cell_432,Unknown,Batch1,Disease,57.597394403673185,43.913167398462605,53.15133398039111,58.63519657696335,41.21235945458871,56.062980236338,51.34398514932278,47.65174595958477,29.54217096274732,29.562461459103403,55.72584647295926,47.75200513931955,38.919838653988315,error,,57.087208953941094,45.33618215414341,47.72165336795273,59.16554322980947,40.31243185953638
Cell_433,B-cell,Batch2,Disease,70.53829851343174,,46.980100897308546,66.82150045658976,51.42081213201916,54.758295988393016,56.29022322269623,44.94707817302086,48.233348083669945,59.471991725532405,58.36061743099036,34.99413215926285,39.565286776634004,44.913357645787706,46.52386658872423,39.142907003974386,46.6210523144789,58.556940457150276,36.06530279495472,68.36891692765869
Cell_434,T-cell,Batch3,Healthy,54.4971429454267,57.51845816104101,74.53828165448238,41.19347034926196,51.6049688578814,59.576433130380195,38.684651606355,29.806226760234953,43.2297154212491,48.656311730628175,48.47185016273539,39.12191685632202,45.78242479781456,38.544420485025114,38.16036500550758,36.79488208677269,41.93121820625501,51.31392688576785,58.80739285125729,64.40846175378861
Cell_435,Monocyte,Batch3,Healthy,50.128934125966424,29.836012047497494,33.70164765348918,56.19154658877773,70.99209065155395,57.65005327220459,41.588405613229746,44.03181221822547,51.37471171610381,46.226176476908655,68.24616117976335,42.93313299502918,40.083841071095094,49.195060062903664,error,54.206058871321524,52.82114250863613,44.4275080548964,40.544918602627675,53.83162326977177
Cell_436,B-cell,Batch2,Healthy,51.02908059054587,44.45274972617712,39.169252999667215,,55.20527446667579,40.945417185744006,58.382872081822455,54.81264782652605,45.965691599035715,54.82178126980586,,53.23116980303111,54.17085920286074,error,50.25796208960299,53.490339472790474,69.56418953636829,42.47296661863341,46.06345361491097,54.58720969095239
Cell_437,T-cell,Batch1,Healthy,49.403487478398425,40.29920180772679,44.24644514515713,43.65183527653094,51.751259742607566,37.666758689131115,48.587172960937494,42.17364786963213,71.19135642707708,37.20699359879382,54.48965726852819,31.59039971739967,50.59881110797273,51.742342024483314,66.57110323742779,52.463097265464256,59.84905300527179,46.35579830242649,26.919971448625965,61.54786706183639
Cell_438,NK,Batch1,Healthy,50.68047196869985,65.82415348571158,64.41803270075292,44.88895252822784,62.67053543831541,49.20100642138364,53.09619770685604,68.55066200566503,56.57739802719596,44.9294648918099,43.12838964419659,62.857232944846274,56.6328406384646,58.45360492448977,54.61717523233399,42.58608419364383,54.83155308524843,55.96634505549184,44.645431596296966,
Cell_439,Unknown,Batch1,Disease,,43.49244232985125,52.45674795363266,43.66389659871345,37.55612286796314,48.9251798708806,56.482647027580775,59.92057849284328,49.778959259904354,74.98398272237154,52.6131248104365,48.59040252615283,48.26690235537338,59.207639322357814,44.11109432016656,43.32998966833663,51.35441717080465,45.99258199331501,53.016029067642165,56.18078317726193
Cell_440,Unknown,Batch1,Disease,53.05032026589293,54.64850688012542,51.55569200266211,48.668519395708465,52.44479294835499,52.75297014118232,53.02037018963112,56.07014092624515,47.123754288394444,39.36119926484166,67.27955920224939,69.09495413681425,38.03309653420695,51.67947991669453,27.490699527744024,,48.4644989080319,30.95125766667487,67.61040164635631,54.1505497154775
Cell_441,Monocyte,Batch2,Disease,65.31818294486015,53.34557001471913,70.45248917702614,36.813999651168714,64.75093181154254,32.81924915397391,47.401687515266374,57.58083671695442,49.10259318981301,,43.8431675388856,62.7986300934848,53.636071452250384,60.54306143589822,45.12854341765598,35.345136872766105,44.177787748638096,54.26109667717012,65.7151775377798,45.94358203486853
Cell_442,NK,Batch3,Healthy,,42.4091661977252,48.75660266476157,50.41759517759567,54.45767372566027,36.47574459894823,51.69226615256295,46.636761284837455,29.692151119872694,51.596314866108685,51.72703196104138,27.644410123019554,58.45108150206491,47.31489061523943,19.505777852443458,37.91028862528687,56.39833902660471,40.834085799338176,56.108342240095176,62.9951584275307
Cell_443,Monocyte,Batch1,Disease,52.794937412252395,57.93144292133243,error,55.45544819033556,64.04280234521806,43.617494027185685,43.84327350166375,57.960861099600265,59.492172025158204,28.60742412623816,61.40501417757879,16.379965738912,42.66875972367046,56.87382964833504,50.511481653847284,65.5711245972897,62.2080946341989,,36.709650288475544,61.960128158475214
Cell_444,Unknown,Batch3,Disease,60.849157033833045,47.662312772766505,,54.49534203400456,43.91190625537656,43.849507513715025,57.64019353891672,42.57771835028443,46.35718200282184,48.88199845828449,43.59774420347554,48.586452859562584,44.03585799937896,49.333620334280994,58.81825289631828,54.09583316322203,63.47384810189851,55.31546081799212,46.64500902967797,74.35489964613066
Cell_445,Monocyte,Batch1,Disease,70.7010977271651,52.59105342510478,52.73495782128421,51.92093811983985,51.092017259603246,62.012401730016386,69.40056480241977,66.73318319832148,48.564807762889075,38.893680729111225,56.4777466352711,24.585105731626488,50.36058349183638,48.75579663963869,54.186815453895186,42.095811801670486,63.65127177293773,42.390301908727096,55.200161298348036,61.22295715155009
Cell_446,B-cell,Batch1,Healthy,59.58763130420291,60.295776013243554,41.659058699424236,37.47699669644195,42.187380351500885,,57.42327571320067,,28.507476911415168,,error,52.95240002803547,28.64820811405491,,72.65895332283087,45.54752421312701,56.299840974397064,44.83889924821144,49.277251788478736,57.06956969788466
Cell_447,NK,Batch3,Disease,38.13560315215849,48.9293291882533,51.6145725795719,47.27350299227779,48.3660193136775,53.41053222165765,51.12139874287741,47.58444101701893,42.457946754931655,41.03352805631752,59.69304885632267,51.6658781897906,44.757007749027835,48.740269496884416,43.52796092312903,34.24712294303799,63.055416684291686,54.409709509233565,50.734881786878674,72.03372461812825
Cell_448,B-cell,Batch1,Disease,53.46239920644452,49.4490314781137,53.22380074053383,39.37864671832605,57.372220543136656,34.20928706901294,54.662107791138,46.19444139690536,44.994791152685686,57.69584650265591,37.98451646522635,55.419453564764076,error,42.07695152804316,55.96293409304786,44.083753806533906,39.0028787897396,51.50033439317903,54.18579721096927,58.91115357640643
Cell_449,Monocyte,Batch1,Disease,41.811539518878135,51.401698723587806,59.02942024594291,53.48973209948011,43.19588561579293,53.729345466267155,56.923856770178304,58.79063583066284,65.11614588414449,36.4331835598131,33.84346515871592,31.9637137565836,38.538066921295,41.6152482387274,64.5751462985165,56.0398885508754,45.4298665772718,49.53650661535231,37.34448922903811,36.2387604722589
Cell_450,Monocyte,Batch2,Disease,46.9027207717525,62.72680061422671,55.07389833809121,,55.17533221668366,55.7473673217789,51.138459185388754,56.44861470453537,51.745004792919914,61.14226888533052,27.99855451661262,68.41752860161762,43.33680820412795,52.154627460404484,52.356970116720795,44.51102492422561,54.78257951236532,59.347132418161976,44.55979869840332,38.23329777530773
Cell_451,NK,Batch3,Disease,57.20724025089941,40.96644863923834,error,50.202501535961616,55.492868588665765,51.1895509730564,44.04229363512581,62.663366936650114,46.57010138459538,58.446542274493346,49.13019895237025,65.85824605191915,55.0249834921009,50.68165545791926,49.741622260572306,58.79409796354448,53.744053669551434,error,43.58648762703432,47.697452833479865
Cell_452,B-cell,Batch1,Disease,47.83905334143095,43.74964665779657,44.37604070962664,40.81068934448757,47.07493506590774,46.711302916739236,55.90474728990627,54.740858101874345,36.66242697251511,68.10866382477768,52.65873450523751,46.55280608680353,error,45.50550171299294,52.329170997188,62.97050385068906,40.70313930390665,57.160325779745904,46.879930850052276,error
Cell_453,T-cell,Batch3,Healthy,40.89755327682899,42.456956364138755,40.69105547202139,70.34758862127423,59.275002902544934,56.94003854761175,error,42.30275056256106,41.55204341238558,51.20879734522749,46.951187091021126,50.90532245967538,56.476737601140584,60.7511812753981,56.85609941614469,44.555809942660574,41.20113004570729,60.29385280299011,18.82660700909455,50.83059448268234
Cell_454,T-cell,Batch3,Healthy,59.396808824392735,55.62151794527307,51.0941015047059,55.74173144846023,56.93882829535589,51.36251180328179,47.90019953801158,47.08454858800717,44.77043739823164,57.64679507492249,53.22965648333263,56.73364505687783,57.14877385725458,48.49987887153217,,48.75865224347963,50.00551675385059,37.42750151825785,39.96114776965931,38.15893204186715
Cell_455,NK,Batch3,Disease,50.08169767366121,34.39461325161794,61.765009607570605,60.910618098934634,40.77697752264216,70.17653983243247,64.78534964590708,34.5243669668567,43.759494235298384,31.867927917827142,61.10514652179586,51.41178997873822,53.01638590415989,46.59553209664684,60.427050534350066,49.72456683063378,37.91948158425478,51.32985931585774,48.98639843298457,55.17228762775423
Cell_456,Unknown,Batch1,Healthy,73.64034480594466,58.0308796561022,56.90057847115258,47.10477760549429,33.79183684482207,,53.13929262413183,47.1425327861658,60.559937730433084,58.125172437398106,37.88361645112833,34.792923306237675,33.79347635432487,58.97678831265307,66.65106649799165,45.09946438203103,50.77539497956411,52.29453244990151,42.65270455688186,54.21698299911316
Cell_457,Monocyte,Batch2,Disease,,43.688474803529196,67.32394893566033,42.02996343360346,71.99168750933445,47.46708222058348,59.52322158193981,54.846230609793864,64.72214171696794,50.57779561922282,,54.86376213038236,53.589944498572805,56.77538089939743,56.51182948830319,59.2670197609048,55.06535860732155,39.72623065514776,56.84229011920647,67.13521571591917
Cell_458,B-cell,Batch3,Disease,44.193447081828246,48.81593492696851,45.891359174342725,49.39207671207118,61.539876767003896,62.85826871310448,51.07716791827611,error,59.86111636123824,49.2573822071253,57.36740571014808,48.20894380306625,,52.03564997119575,40.890925765135755,51.98974622723618,57.09006685560131,63.744140813639774,57.84312411111489,45.627476499937565
Cell_459,Unknown,Batch1,Healthy,49.20281285187637,44.44758788125288,34.0407952681619,,47.53655959109655,45.08161642826953,47.68856366225415,56.88893323076719,65.20595282759798,57.428138903954036,42.79505236111687,31.478764464643383,56.72218119391944,57.52674981077521,47.19513295516587,38.40958077118754,47.037190634846375,43.55545786653579,36.602250692929545,64.0084061273089
Cell_460,Monocyte,Batch1,Healthy,48.011087001733614,37.60493974651539,61.437981144503865,56.382775074977204,47.24297545076327,,53.718530500557655,45.00609679144246,24.91683614134581,43.49305377916413,49.525539170768084,66.00507195647467,54.69808146428829,44.22164127638031,46.74115728087332,58.49219917462439,error,63.68023546121706,60.52241005145632,29.001384436247708
Cell_461,Unknown,Batch1,Healthy,44.493315345796816,50.55431108985025,46.529736723517146,33.661871031227186,39.4661326005694,43.184539684599414,56.621064950214155,31.52753113535529,32.86760354823568,47.77937040460098,,48.38045105256094,38.14987322836602,62.88136035631362,65.18320526056786,66.74004412953799,50.46491220516052,41.204115435109344,56.75455639855879,36.41825668843838
Cell_462,Monocyte,Batch2,Disease,47.000199173641,55.973497577286494,43.79518221979793,41.83380071712263,46.18797413412368,33.869743697279176,31.27155882415374,50.41345437656034,43.48809549684474,45.79565499361198,45.40924693424739,error,51.72406903638559,,36.650242617911275,31.403646276385576,47.45107703820085,45.39203035678455,44.62603625718592,70.44982422892723
Cell_463,NK,Batch3,Disease,41.72224155658313,60.524599540641155,52.9052303853876,60.97310795809699,48.160991400830795,47.21023395634015,40.9899409625812,47.989177811303186,,43.11391273707714,62.49529953531372,45.45406982041251,52.48986126606946,67.11055122657913,,46.2957007062257,63.619021798256966,54.0573662159439,56.82984463920673,57.316021737092214
Cell_464,Unknown,Batch1,Disease,55.35891660709325,40.80446335791414,38.230270513973245,51.45593279949783,34.51899095050517,46.12788427897144,30.497036202834124,39.61894452993573,51.94336330982097,51.4407829205762,49.429629898878716,53.92711479131369,65.79434661563904,49.58941769906529,53.217065528652725,42.37122496061602,57.548791239308585,47.054640640298736,45.1839950173014,35.598647181338904
Cell_465,NK,Batch1,Healthy,66.25374788249536,38.79492955727776,51.93422178159278,45.656311827646306,48.876872441704904,51.91268229067706,error,56.80135777213157,41.26444330072983,47.66065443113675,48.680822182903704,29.113177378074266,51.20210444174325,51.396979879738,43.23699067755126,71.29032329296473,54.7459017677915,,47.34380435178212,34.64435366007031
Cell_466,B-cell,Batch3,Disease,46.55024908555541,72.45590038411535,43.37572431284404,63.37918896070724,44.73181744259748,43.46260286612323,51.51888356959499,47.51614136986154,58.004155844186364,46.05404873366652,53.090793983612876,32.371731941156575,57.24428353149075,46.88416640264247,45.90922422643097,45.645728497279265,,36.87595584559687,53.74147559437425,44.499047103744005
Cell_467,T-cell,Batch1,Disease,45.19211702580278,49.21494062870537,error,47.9349864496082,42.132534586670786,47.85848093417682,47.91232585850588,26.297240453624,38.67394970511611,48.53292811078519,59.28488963374269,53.94929467019772,54.966015867253546,43.01974431711072,85.30404815546952,46.04415310780632,68.10730225652372,46.411119523532854,45.82380829050001,57.130352519664655
Cell_468,B-cell,Batch3,Disease,48.80330013418097,68.13860362688214,71.19500283231264,66.01090618145307,49.43060876808097,45.28348862660616,62.56420593405197,48.55682564804408,59.543300047930686,54.274797850805214,49.98418074774115,55.07073639202231,46.73489571958354,error,56.90298786117614,46.96787374771098,52.225164911306685,55.27848754076242,66.31763154926462,63.822297860275086
Cell_469,Monocyte,Batch3,Healthy,45.82354554018697,50.82503741925579,56.86751259058303,41.64659372111857,51.885404680199045,44.30734682604342,45.79506797475118,56.1639735476808,57.50167203242835,73.03642625190729,56.13283075684992,49.409339502976074,31.57658880342719,44.459030712884626,60.08207572206705,48.87653040918787,47.32403881693152,51.66758001443093,46.739392664319524,47.789153111875244
Cell_470,NK,Batch2,Disease,49.06957280819338,34.65550444097491,60.329342806034404,45.61962552316756,47.70925659244308,59.99672947029856,48.895019676433364,59.49965239806224,58.550494409094924,43.17162852569342,37.125400035135215,53.9370119496033,error,,,44.13776699143553,,33.0657537623433,54.44551667267936,44.88922372326634
Cell_471,B-cell,Batch1,Healthy,50.353940085201,54.83051868298566,65.68026364583112,42.250713893455696,48.98694257746628,54.011784359148415,67.6068025047878,error,55.49944925227997,48.89097114282173,51.063457431516824,50.7452205762,47.178180323425664,44.39329724817615,39.997400310078184,,,50.6343401973623,41.919857974697244,20.888745890887577
Cell_472,Unknown,Batch3,Healthy,48.97041201340215,49.92690364698756,54.97564859938134,54.052103299309145,53.70690099684976,50.85336919171867,40.98797410631133,44.06944460363742,57.26663153305807,60.77998271324085,43.664099572033294,55.5288829029146,29.2914034231001,52.535476022571295,59.69599261929181,51.92811431460102,49.424620846231356,41.27222073481831,48.74444549433735,48.23508763762155
Cell_473,B-cell,Batch3,Disease,60.54011408938573,49.2138960019988,49.31742708641927,59.714046110813676,44.003201049545275,30.71073103012409,44.568650403703266,68.37625017007772,53.30027946410567,40.79462725355778,66.98525561590307,40.69049445075453,59.894451790961156,45.709100910908646,54.64185880629756,39.57244931750357,40.555034379839825,46.20601730780364,58.116316064937365,57.57678925714934
Cell_474,B-cell,Batch3,Disease,53.01690535890393,49.651959601472804,23.83881835582159,67.54584931180014,36.29966042475564,41.374979011784184,49.040653010798366,63.90348328816533,error,50.31094140342473,60.886349158739435,51.69185104503877,50.03983893323629,29.98593694647155,32.239763904988465,42.94977184494955,42.93869967185217,51.14134486322283,49.32703695367224,47.75791563521573
Cell_475,B-cell,Batch2,Healthy,40.34781171052348,71.958408916969,58.77743079039802,50.492623766356715,56.46305923951742,57.551071767320856,37.84031695219282,42.87504232966314,53.28376369597103,,44.08888827720102,33.870122353601346,43.33931467457832,63.59200853511968,44.22175409886713,37.84943305422894,error,57.56445018990422,35.30667265919929,67.74722537605281
Cell_476,B-cell,Batch1,Disease,55.69055583117608,57.91739813908623,47.30808308902615,61.97389957275418,47.20617518920362,56.19096586778092,,63.30589166908698,49.62519383371085,59.17525746372395,49.595304466951795,42.89955669209168,59.091660159149654,39.812166694396595,43.664237703970414,55.93516763420143,59.41547105151411,62.755683788571254,24.498144218634543,51.151376562237665
Cell_477,Unknown,Batch2,Disease,62.66986134851217,38.493661417056806,41.78463779538908,47.129273334638484,48.206808868250135,58.86087922459819,35.35929637911772,48.16303332672792,65.0890169777807,57.80269284900497,55.248702873766064,49.22401960312153,54.23850313885447,53.64927348664956,49.09842199517153,55.79692292955896,60.79021556764751,41.61647478788214,61.782606759285244,
Cell_478,Unknown,Batch3,Healthy,52.37742051908117,35.78320054066165,46.06319566377593,,29.368289735962367,51.029673085699166,,27.76555285237478,36.18852009901518,68.8527396083177,45.96203636521433,43.507483762943366,46.81574827348896,52.16403073770367,46.734569259825975,68.33139225117645,61.54183345652514,53.386888711014805,42.96514339028802,61.91790444671349
Cell_479,T-cell,Batch1,Healthy,49.397129607150696,47.23669788025044,52.112840914719136,61.809422201447674,56.2431304652399,49.46375380492973,39.35843909462661,37.1612303915719,30.253981698316586,65.6235990111953,,66.61091077986853,46.392478260864145,49.635463879665494,42.41303995337482,39.20590731862224,63.799009536893315,59.029431191308944,error,61.67310416682
Cell_480,Monocyte,Batch2,Healthy,51.68526988235905,42.428888882108815,43.58056150976904,62.04190364713428,39.565781497036554,38.352442400166076,57.629570175571985,34.915397371635095,error,32.80793114350145,60.30314157553627,54.35465709441872,55.34791467223116,55.71033451163616,65.87763177352133,65.09001715283469,49.45279812945577,40.60324510136438,28.961244090695914,
Cell_481,T-cell,Batch2,Healthy,48.94088300935925,48.95513616119518,35.980527049474475,59.92902987741795,61.228352302456244,56.15019716776964,63.62526061311245,57.538269181425036,38.57250235546948,39.79651349976297,41.218828879917965,40.1445702133574,65.52484525347374,error,44.49598542932821,63.42476818863092,57.285820096039444,46.79781129090474,64.17746245199594,49.17631012908031
Cell_482,Unknown,Batch3,Healthy,35.95136408829142,48.1460891676751,51.9901544831164,50.54283387593973,65.71918364486956,51.444049452381144,62.43542649790296,56.688278230598144,60.98913563416614,48.61893018206385,45.22501977084138,56.167714284936956,65.74810824859247,55.434451341311416,59.98429940738588,47.435166751173355,38.996553429166866,,51.586968918811934,41.73651803788038
Cell_483,Monocyte,Batch1,Healthy,20.706329479673325,55.05466628208426,51.564030253581855,46.825908766800005,51.33438221378037,56.20316563192222,60.616704399763655,68.14875883779673,51.497173509316255,37.0466134374234,66.47076279478597,47.31384472090861,39.080254741774105,61.119060527282585,52.237624371544264,64.12897757976116,40.256789856695065,34.000149275784054,52.68990631517493,43.653001985500154
Cell_484,B-cell,Batch1,Disease,,56.18949139060208,62.29741448881285,29.883702350924217,47.629902160763294,54.65445497870666,42.207671503239546,60.76892584178886,47.66695150532112,65.55580629698973,47.88204774294476,43.27300253994722,57.139384659540795,46.09232170465905,,36.794485729028835,51.75578910741724,50.41173443297365,48.61667471822814,54.57696983498788
Cell_485,T-cell,Batch1,Disease,55.880900830262924,38.1712876355705,25.009454772563036,44.313899037187866,48.47551654041905,38.282727770716534,67.062353918322,48.225832785958936,error,49.81198051054013,39.298913798889295,30.95946416393971,48.67958693104166,50.45333251959978,64.14538793690303,30.120301954318812,48.52657361146957,51.1784710589626,52.78985575335136,44.16178479052827
Cell_486,B-cell,Batch3,Healthy,32.95612447320517,58.413678935227594,35.14999416446309,52.91704464949432,53.86536983195011,31.48965653762884,62.62809157086718,,,64.5199203483991,51.42709627912985,41.56540123994206,51.10928166989612,50.479197390847624,,41.076291401808575,49.08605341060633,56.47792057783936,63.88877009016355,43.008264458554144
Cell_487,NK,Batch1,Disease,47.61323371418526,51.86862895622962,46.168496643007614,37.749954691069846,,61.96926408368152,58.47911205394114,44.83342316996527,42.6274305210975,34.95536992494701,69.21828823290298,46.74539071923314,48.853452657241185,36.117631824876824,55.31438040012972,54.18560630874938,43.34949150531,26.50731403055267,52.60066334729382,50.089190917704556
Cell_488,Unknown,Batch3,Disease,50.07691770007672,56.08944860736757,55.381590921986415,42.520868287885065,72.52315005488084,56.15436198944349,54.17637101651808,52.86110238676626,51.86065628732335,47.32286312443301,35.56430258085312,,44.65178421074341,63.01418591034512,39.7749989739999,58.46370955151058,42.56215102417346,,56.215583925195716,42.12037829871752
Cell_489,Monocyte,Batch3,Disease,50.65592956889773,43.05054109328737,40.2729002081519,41.849352624050034,55.601037019072145,38.258832148711704,45.99506546259149,40.25429667093522,52.99523524705764,30.43799780583597,45.230820677398846,48.548125082498196,74.02799287079405,45.81439792447357,60.56764900994554,,,,54.31674687781099,30.295211623197005
Cell_490,B-cell,Batch3,Disease,42.377283669257,42.125250688038115,66.475039648898,60.675342387973345,49.64104656649304,40.11121047972448,51.57000134327731,58.206558489469074,51.66258258631248,56.37756269373373,57.57405179301314,64.56631379602501,,42.91440584046968,46.521955962964896,73.65847497737025,36.514532852169594,65.22740753880703,47.85667525898086,55.00350063124635
Cell_491,NK,Batch1,Disease,50.2780285545666,32.72826482888895,51.5726348192459,error,53.26611125400823,45.335306956570136,53.69339131281294,41.94856407868768,57.13073078168219,30.44219524397692,47.84987554687053,56.75670751632207,32.82389715031377,43.85599500555322,55.788727370149346,55.850689857880994,47.72094800891859,51.6984581228705,41.637676696820066,44.080449320635985
Cell_492,Unknown,Batch1,Disease,69.84550570427356,60.19304562443631,32.31376257784179,56.03706825290015,49.014288478630746,54.6672957427988,57.69833017447911,19.55802203119213,51.08343861841951,58.01192028723776,73.0395204938285,41.35843875508156,69.61418427129422,52.69978510264751,60.56585879048612,47.55841239232716,38.12372778839858,46.787606983120206,60.902570369037434,53.552029436003096
Cell_493,Unknown,Batch2,Healthy,64.46852020148972,61.10579639221095,60.72075156101228,48.596627311030105,62.69905473984787,,56.48613268242994,51.79618096078451,38.41522039420486,86.0757051351509,55.987577776629216,52.485324850911574,67.87321245788041,,65.08383431196886,52.855458593707816,60.45694701772871,45.49508855978193,57.23357807686798,59.344101916058534
Cell_494,B-cell,Batch1,Disease,84.22027347730672,50.32348804232977,37.04527871207358,33.23534692120769,64.688807278294,error,54.71326783926415,error,53.875231514375585,59.04933175248469,60.43256466212366,43.280292527993936,58.83217757238286,52.48940532138996,46.81775541550803,45.60612662133141,29.12902086589009,49.382006922563306,,48.91333194756021
Cell_495,Monocyte,Batch1,Disease,47.0646846110586,46.457501804663856,38.60087738425544,54.35588781363883,50.95981301438573,55.75004367141685,51.14126236045408,69.77616116734617,45.21064823563201,41.45431881620034,50.373386613383005,46.612881808727394,53.20628942068137,45.68002019544197,43.615130663733204,59.93230547546131,43.224864462024414,59.86982395648689,44.37922287993962,43.98526039649491
Cell_496,B-cell,Batch2,Disease,53.65286283490556,28.997662004497833,error,50.813731662763196,48.79904806298889,49.4249289830684,54.36649856680761,54.09749369218138,54.32368553055978,47.63967419734135,37.952967441451186,46.12483517668546,57.96662528338683,69.86752197514038,58.7031907010657,59.28340554169387,,33.63424231671161,54.26700859235032,67.6483552831742
Cell_497,T-cell,Batch3,Healthy,47.24960506747275,43.5456857114757,55.02694440269492,63.44583112581465,40.57996481233677,,43.292334489734884,65.93392622105732,63.07756350003481,59.95682051447559,49.55174415209788,43.8020110843225,64.79114568825722,48.58460898189597,53.03427507394352,54.03059126290583,52.420711503943366,,error,45.08678195092535
Cell_498,T-cell,Batch2,Disease,52.96113694442442,69.94177933491466,58.193793542637714,error,45.39365044291714,34.046576602302935,39.03303212176613,58.57585784153337,54.75508228604314,48.34527729001188,46.83745459580261,55.312491426037866,46.992136649403896,55.90896464376794,41.55230528804306,54.34809881354745,40.75139010220226,58.17153653628702,error,40.325169146946564
Cell_499,Unknown,Batch3,Healthy,51.42981957935664,63.0709327734286,34.0921461083105,50.844345598044264,45.13517286102589,,63.57551021347656,37.20755183273572,51.65824771311862,56.29667919186677,51.546427503445024,44.0423331294284,,40.28614980058368,54.772112083659074,51.19311731759936,50.93465090105654,50.708790544139326,,38.5727205657566
Cell_500,Unknown,Batch3,Disease,29.120952554627916,,52.03724554827395,35.47004198944326,54.064934201484235,51.46384632002483,37.4666107277015,55.09645157486875,45.39227909524318,63.63785169678725,72.86779338352639,33.57902727780318,63.38706543972622,49.6887854102467,57.73825666601766,55.885766009696994,63.676611275327176,,43.864809282289734,39.368834258378165
Cell_501,Monocyte,Batch3,Disease,42.569667802749024,42.09164618983664,,30.189300599915097,57.4049542216453,57.8757018579451,50.288145480546454,60.34754031606713,47.43660871662663,45.4407079494252,55.86503343782045,52.56787590842766,58.82004547374054,,,30.38512877943894,42.02635965979759,43.413552259620744,28.757748434109956,52.8629409182494
Cell_502,T-cell,Batch2,Disease,49.937914673372795,30.156237263990985,,66.31148593437494,49.27482547539391,42.715847405373076,35.788256149262935,49.82017699507387,49.85091746667945,57.30902392289506,43.49744366907938,61.317999774723866,46.73272314416344,53.81659737469309,53.377992910798866,43.53931109681004,40.520947626904324,55.101132268118405,54.46993073161808,41.094295426057215
Cell_503,Unknown,Batch2,Disease,57.67422746417627,45.62223229582949,59.43117424522194,55.299171130964034,47.93313193900062,37.31640314219947,42.7820023736074,54.91005021438718,59.03642226220227,58.64662303909769,69.96944372729975,68.72258826606459,65.41942183279964,45.874864017880896,57.68063141704424,58.90467541246049,37.11925012341976,60.06941260064744,47.201835402837496,52.42972857162487
Cell_504,Monocyte,Batch1,Healthy,39.06079628091392,46.421319671802266,40.32257330230135,45.499924143452056,44.30536188798195,69.58830306548187,54.67675025147328,52.33913652704438,63.276897896511976,53.78761816359155,error,48.73993401161871,61.30670238976033,46.36204681419968,49.20672042414259,,46.40088488895945,46.19092327240713,63.052557176699494,53.35992873375051
Cell_505,B-cell,Batch1,Disease,72.13797910157851,64.31944332397609,52.61135779821731,51.472552115485136,53.04105143099443,55.91284810540831,55.24012566534673,36.58150921069506,25.852835268890498,41.01763905550362,53.294678550497245,51.41885914208985,33.67221581723488,55.72348973778288,38.134490072797625,49.818212230159915,58.895289743406884,61.47902148403059,62.02453198317304,46.88798444857042
Cell_506,Unknown,Batch1,Disease,error,25.458014967725052,34.87178273276247,49.41072405994639,39.06554945592939,55.67489823899087,65.76354704561066,62.45797302305891,67.17268321830208,,44.39142404767624,43.10496588797086,53.73074194486993,34.03145749028518,29.9606922393169,63.034746153160796,57.72795198730553,,58.40976049485158,46.98651871441947
Cell_507,T-cell,Batch2,Disease,60.503706420792675,65.00172987390502,39.68297221766558,58.49621535728439,63.34528886771982,48.39297311239852,,59.644913943091574,57.155735075360724,error,48.45225642246387,58.010322697611386,45.089182936352934,66.02085850910899,59.6661905597052,23.915557689841428,75.78682290155349,40.44132572369329,52.45704245748763,42.26842427944237
Cell_508,B-cell,Batch3,Healthy,,56.43784532383569,75.3122360300185,error,50.50547568297399,53.04779949953201,57.4762724009745,47.79519480424161,44.64371047518581,51.740040374197406,38.21830208487212,48.041553020491826,62.11849930767247,44.42464377167413,39.077319790473055,60.61430283331735,42.67610640071704,,58.15193756916067,43.8038473570309
Cell_509,B-cell,Batch2,Disease,49.4055467385376,60.56621979624981,50.28653871947535,69.83800050759154,,error,54.680710950193706,59.282555711277396,47.55808176153295,42.10844498412393,38.17401909901111,69.97777385491378,59.48405847344661,59.31635345389816,54.01359861296395,43.532562364868916,56.27560427842055,74.86968660484533,63.632666566823694,59.918674815747195
Cell_510,Monocyte,Batch1,Healthy,54.21026861968027,,47.90856594029307,55.80435294357184,48.528365282084685,45.59362600988952,53.39779688311906,40.874262530691496,49.3651230539484,49.46264135111393,57.34213564944822,63.96015082464818,55.09734513896479,55.96253908460477,56.00202504473834,66.85546057034409,54.91566664304554,58.36192921537604,48.57300127953923,39.51899246070428
Cell_511,Unknown,Batch2,Healthy,47.405621740604246,41.611282411810606,52.836149440989146,43.719233057141516,62.66684616902333,47.42697301590094,43.192711648294875,40.86108696624492,48.52992193695752,53.250897511214944,50.6355651774685,39.15071688722285,47.295173232825036,41.147540226057274,50.49933123208117,53.378656271536855,50.84631427892329,56.818405659606334,52.87905634806525,error
Cell_512,B-cell,Batch3,Disease,48.33898124352097,48.18679704501324,48.48984519358541,,51.45788840780669,49.942702289998984,62.36290237143464,43.065709139587305,,,63.25015225939157,39.70423396166651,53.04140288718265,28.36060488503783,51.60107004601282,73.12293131305499,53.09068105617157,53.99208523808989,47.83500816786029,38.450004217935856
Cell_513,T-cell,Batch2,Healthy,37.13609894539235,50.39652875620398,38.579707169844546,33.20375282377985,50.84040797350887,error,52.800131950078956,32.91776481672906,55.07933288322569,51.873606819462545,45.13295381782218,,error,64.03666613561066,50.459381013695605,64.29063188524367,39.22749955403941,60.03189174220383,39.579891195447814,52.76110790058229
Cell_514,NK,Batch2,Disease,53.53401054567613,60.821412608062154,52.23070291944969,55.96418552388765,error,48.45287096052175,50.435690921549806,42.196478904778154,55.74696187298394,31.466730876550095,,51.9617125086249,51.50905415819289,33.28798256639426,43.77140940630986,43.58512650258939,45.829748228130185,41.47783299393801,38.972321492990936,45.96345424139024
Cell_515,Monocyte,Batch1,Disease,26.689722852839868,44.125251186708596,38.329890127678176,error,25.55999625252868,44.047078435279374,49.97100125668947,56.348878072789695,53.86846656292477,57.98204883099586,46.60022900466483,,49.68703547245804,53.13874129351481,48.95899600023813,50.51537285152942,45.3285193474234,,57.39394108151597,
Cell_516,NK,Batch2,Healthy,23.178830768713084,65.78519918054394,error,22.445071753339654,31.685111743466354,62.634787805085466,39.60997845129703,42.12105490646997,64.54900500359878,44.124394360282395,52.15273423662499,49.81745478412296,60.51327524833001,38.41551945494352,,72.69657944759973,59.78467354179236,44.57765580437609,55.42523771964526,63.32090184817666
Cell_517,B-cell,Batch1,Healthy,48.58649453730407,43.39456555342724,39.456821367767475,63.6983273644377,49.31008547366954,50.67544100404686,37.55507636988841,31.451243741341393,36.37708059084355,58.00976176935909,56.80946080433412,48.13051628950126,51.72853980609448,44.012557204356945,58.00117118223452,49.647888063871925,,43.7030351980546,58.18562938226833,51.04577620927904
Cell_518,B-cell,Batch1,Healthy,56.44025793798787,52.280567799585356,50.68657200020203,40.693225112041446,54.69383071492324,71.18673484973559,42.39401773085083,54.793018320749084,52.85745380216722,51.00109173200992,42.75833943487186,42.35843630796401,58.52532601495095,60.51928563431829,45.66892722112516,,36.34287962982819,66.46020163590978,53.176766101100654,25.14874269040758
Cell_519,T-cell,Batch2,Healthy,40.26154497803898,43.07402424786269,44.43728816862527,20.71870945660804,54.66170836075417,46.60642907480428,65.97038874586221,44.507980282603775,50.89069572729172,44.46440939572618,50.33256973012883,64.34980721523672,60.24658611900591,35.06102607410002,50.3552639536269,54.75766732116923,27.012603301905255,error,40.221359580320126,39.43902942832056
Cell_520,Monocyte,Batch3,Disease,42.6637852950487,43.54871003237775,57.801713810236876,45.42801256957753,error,42.8093507739119,46.048785768138885,51.365980121527826,41.93290312428603,58.86097085443261,40.202676082728516,62.03899081016459,44.84427021043861,36.87517270458443,,49.37899035630206,51.690615030394355,56.44681028106302,40.14896254554887,
Cell_521,Unknown,Batch2,Healthy,34.225731862382546,24.343685051862863,47.849924165674835,27.859892508762414,47.33635250541042,error,47.05304815765955,50.89987902445257,39.28474569361686,47.3876535565609,58.535736308611995,,59.25658959081454,47.60564775608774,49.803562771193306,32.27085617526019,52.97110996054098,48.01822414365141,68.20230063978524,47.670862782371564
Cell_522,B-cell,Batch3,Disease,28.407109543551996,55.61521059379217,37.43016046799288,51.00951159572815,49.23384790145494,57.966592170743,59.36890631782457,53.3939090444247,52.80964092643676,48.09172195599314,52.827010719293185,,error,,68.85512693254867,50.9659416987587,51.34391546383057,46.77586558679132,50.811188973352955,48.667414989078644
Cell_523,T-cell,Batch3,Disease,62.77576697843885,50.2145181857916,54.715745780093826,68.9205784524747,39.849426510217484,63.350075802308396,67.76956108756231,39.49158903570104,59.804511446330345,,55.25598572437012,41.93331803188683,58.53023591719541,53.22108117360068,45.05222225756461,44.95713429065839,45.69570270545353,44.61453318479025,47.64981764548109,61.04289319609698
Cell_524,Monocyte,Batch1,Disease,35.990067961016976,,,39.9444830670724,39.12270339260424,51.043819104984514,66.68985373522003,59.22773365278216,60.315531601394305,45.65740211642685,53.38483454031789,39.09625067652759,36.26643208779798,34.434651721187045,61.35855207719908,,59.7907622158964,45.117412437320965,38.84530028495135,63.59923618001366
Cell_525,T-cell,Batch3,Disease,41.032879346994804,47.11220896592998,29.324103771490954,59.9286419955926,61.03453624231266,41.835500033350165,43.466135719232135,36.85589930361312,39.104023408793914,43.38707485502655,45.784178851171674,44.00735970960792,41.63663595293911,43.21768833188235,51.23164863491914,49.04198383385642,52.21084502330811,55.95601454145246,42.81884545091141,48.49087325349158
Cell_526,Unknown,Batch1,Disease,54.61211773791175,45.697278914353475,61.19217116788885,40.876608031487955,47.72280795992418,45.356503966210596,55.23041182484895,52.859419077461276,,58.69036677313146,38.3092350825698,,54.435785873381924,,50.75450784114375,57.454230566732626,48.49510427107696,48.26387702430269,46.65296908391819,44.303414709321515
Cell_527,Unknown,Batch2,Disease,41.49801146097872,52.989727853114296,error,58.423368804177024,56.26549848830683,45.4206126933174,53.081486149306045,38.0720546585618,55.29959787900308,55.151447138297364,49.619892995563966,36.957843491862974,41.663496240086594,42.90910668715134,53.3408945611157,73.51034383361696,42.47485615823921,56.204864849361606,error,55.75738690329821
Cell_528,NK,Batch1,Disease,69.87836324270543,60.977802363580146,45.813820334802955,30.33812791754012,54.21388464332609,41.385497378743764,54.48478457070949,53.03731845638366,32.66945979301127,52.51078572109742,53.93316566481971,34.92264811747742,40.97723602083034,,46.551078471996924,41.752285971817564,48.72126169532949,52.196428894236654,,46.11209832841141
Cell_529,NK,Batch1,Healthy,51.99753229034783,52.18646114293773,,36.494385000197724,59.984572266815015,49.49795843824971,57.25047921596778,53.8079233878857,46.25071695781394,50.34927414264003,46.98226061659176,65.98492261464614,42.08803890037804,66.82568757883364,62.67919798738362,48.47961639739056,51.045006875377005,51.363986444202475,60.77793993800495,56.84079009110131
Cell_530,T-cell,Batch2,Disease,43.742092514839364,42.33542035327006,66.64593229733968,57.72455123892328,54.914337403105456,47.685812127739794,54.69620967723397,50.78645935075379,68.27677998093992,59.71388894284592,47.88039201050511,36.67896421748247,47.40670260600313,49.84492059221468,48.65038223493235,30.866608472431402,42.97610954184195,54.02214696151102,51.07554442203456,36.33178139674408
Cell_531,Monocyte,Batch2,Disease,29.652083530731026,46.591497659111006,57.251647519414995,42.899691544496555,49.38936310938924,57.529010768387366,51.25550829337728,,error,52.95993826497066,45.445512386068096,27.595268725521716,57.33638256739059,52.22523533979549,53.31140077011224,33.21558095490842,43.162441755488,56.28862398291965,43.318154114508445,60.55390947190529
Cell_532,B-cell,Batch1,Disease,47.95807410352046,65.56182732745417,31.847367389352282,46.5632418609738,error,59.64519388905159,45.54867336742235,67.55339115367642,45.152224216260656,46.981723733673626,49.38918601384349,51.146490933143056,56.76362256019608,58.42158642629974,52.37004861726632,51.691165230298495,61.32997816141418,48.59236224280047,38.63045578085095,61.14322266080947
Cell_533,Unknown,Batch2,Disease,64.36760222683783,52.32121619458286,38.50896982695114,64.95025016111263,45.75342385245382,45.10410946845029,,48.53727016409764,56.28909884372721,39.75113470573318,55.608005525303,43.61622758501619,51.92572317255568,44.706398086799915,45.76836184525345,37.399418373139675,error,error,39.72203628789896,56.65750114899335
Cell_534,T-cell,Batch3,Healthy,45.318246407242526,48.34300647508131,52.66817210464408,47.72426458209582,61.23909398186519,50.151400003702484,72.79974367952642,61.52305550687892,54.795083417607415,49.79189276235808,62.041984906048015,65.19830952399616,31.409830970469464,44.40849286755566,54.74728097142993,62.76017144994035,60.08361483167133,64.44001912736672,40.18858731450146,47.285645729873494
Cell_535,NK,Batch1,Healthy,40.50133564479155,50.42653094754361,43.16917980577586,60.07297018893601,55.14670536635545,42.85381413484195,error,55.974176281963295,47.845303158209894,45.245969705100954,58.0732586700451,42.286304215687856,51.91722528000827,63.05313229019696,42.413651778961004,,58.94124012534936,37.49987928707553,46.871712393863916,52.16246869654728
Cell_536,T-cell,Batch2,Disease,41.07716139621991,53.652817452859686,59.149722485293495,35.858787227063985,59.24023762846045,58.478220284440084,44.88773994045545,,59.48934868754229,57.51515418036625,35.690035382398975,45.95222900341278,46.778423594816694,28.06171612443878,55.49766604611876,69.65595317238005,,25.866809235594502,,35.12651793078828
Cell_537,Monocyte,Batch2,Healthy,50.526564917964166,55.505919496143335,56.38159835163382,64.69036371622158,51.53147348455252,57.62248223055144,,59.158976235640985,46.86671817175385,38.614182985228055,51.2619681205574,66.59177433008503,57.00696660851237,47.916223463895726,49.76676047555347,47.625894668059544,68.57384570981094,60.844403842162976,43.73278985620389,49.04065771158437
Cell_538,Unknown,Batch2,Disease,54.56991060976722,50.17933410269632,39.90421497567418,64.00409944498114,57.457588088910285,62.7884817205546,57.45243297182548,59.066521623606754,43.97237579531715,71.71878578376936,46.12567726348702,54.10566832331823,40.98245457005485,,53.52108071800944,48.881591526870494,34.563623656390305,54.67689283410013,49.32007627015758,46.47812179367594
Cell_539,B-cell,Batch3,Healthy,57.87767801926974,54.76608894748428,43.15292602682588,42.8597157573199,,71.17927132215297,62.66660488120792,55.90163643131689,38.24164278583929,49.616719718403246,52.14882884352113,42.50114381240643,46.86236497028349,64.24938092545614,39.73206256034619,61.75022865769929,43.38486355138014,65.78483786734603,36.75012594396851,44.37481009374914
Cell_540,T-cell,Batch3,Healthy,48.54442174280496,56.34451058205835,46.156644133057,47.92797447568876,62.49917557833714,40.40788638751571,,43.969648770320255,34.19479053361656,37.283179014608294,31.291292212654177,48.571651410875084,,72.33203863120696,41.10189744362992,50.9607688636603,42.19401054712016,46.346497820843716,56.771245377399616,58.58400744930273
Cell_541,Unknown,Batch2,Disease,52.07826374457989,65.17403864271199,39.16670424737275,54.2985066594021,40.97576695660552,44.85763187549538,51.147465557359354,45.597920910448074,41.488092207822724,66.5114600878448,49.811953737657156,44.696525886489596,49.469491540812065,41.082684558063676,39.55034561524965,53.02436936776013,,63.67614494867733,41.28003355916475,62.26091034587708
Cell_542,Monocyte,Batch1,Healthy,41.46610759204226,69.89813312775455,43.98309728721514,41.25179755189253,74.07937888775658,61.62410667497368,56.27533674239149,46.87611993741915,53.683087386784926,error,69.57613854894039,error,43.31919502519538,30.268650455420417,44.46058723870414,45.68448138983405,57.554470910491546,59.32827687548706,62.25765112536946,48.59477547682981
Cell_543,T-cell,Batch2,Disease,62.14194790396662,51.602633123264724,49.72587838748477,65.9496514563088,51.62384328823637,59.61106599307169,56.92431707309497,52.51786651443293,48.77617608698625,58.580473417316185,46.26184652460269,51.29064118792743,39.490878985516474,73.84834698113872,35.25999667410603,52.22813847703482,55.918322106063115,51.142262199542074,44.25798932550133,46.42265934216503
Cell_544,B-cell,Batch2,Healthy,29.539407295745598,39.506215487652916,61.29359571027972,55.842274849530405,64.72637041564985,65.37932547824109,43.44451444794036,38.666733414275626,43.97112905173585,39.019036998573014,61.74346486148172,69.35317338893334,55.82899278089311,26.346071985354953,53.430243480576436,51.09645281261362,47.902345443341446,47.35606262396317,,
Cell_545,B-cell,Batch2,Healthy,49.993527879199476,59.17204096913565,55.510886052852754,38.780143305693585,41.43268300637064,51.59271335865099,61.622929355289955,,56.98942471035471,44.64335037977885,54.653454992715254,64.3311086784201,47.153855240721526,61.54478112547447,30.653500564398872,52.35607225392479,51.432533260807276,55.218366792863115,31.24975228019687,37.41152101709508
Cell_546,NK,Batch1,Healthy,46.95748259169418,43.702259855444076,59.0229566961508,45.34358302811298,43.40751972947011,54.31002588444984,63.59583006735226,35.05353941199243,38.471657509076145,40.96371157536872,51.210334316201916,37.5100083859474,50.83912054717069,58.86608110836207,43.21672494007626,51.21267512443976,42.48821174421359,error,58.45549351393231,47.7042893490873
Cell_547,Unknown,Batch2,Disease,54.32999097119834,59.927240371135646,46.5053645039807,47.347908297730655,40.43831785791447,46.641981336475496,40.22587358845403,65.95881577308812,36.92092767905177,35.87116919331531,error,28.758811521820746,59.141270356031285,42.562125923616094,48.5467159680059,44.47061611006426,68.36035399837101,31.122724936809377,47.27194395646699,47.355858464824195
Cell_548,NK,Batch2,Healthy,38.730611830956974,48.199130170367624,47.37999376521931,52.92148868465253,54.18177204289837,55.40072067889927,57.13242501881744,54.14713828009478,47.70505635069819,46.1191251797544,37.6497810943774,56.11093553312546,57.98859327188221,48.802706190685946,56.146615932587466,35.40946005734661,58.77760091039613,48.99236301317934,19.575248590340827,61.948878168274796
Cell_549,B-cell,Batch3,Healthy,,59.840716907236505,53.97756702167599,64.29052456766338,46.76861348115515,48.08504365485553,39.592480200052314,53.83314421331747,52.94116017317249,error,44.250621476340896,40.76876600131105,20.150045101353584,44.2592750201255,57.72117277604511,76.904276507028,48.39609232909647,36.770016019306055,41.54042669074017,36.94075476165292
Cell_550,NK,Batch3,Disease,38.32428174769463,44.484644149345,54.97724173642149,69.77253499141521,39.321082599727426,,52.27821243799965,error,67.88432656017714,45.24357702124861,43.682146642346574,63.585142354486244,49.41694459338233,55.12345228953367,64.02388347851989,49.55700844423447,34.537479166727856,39.20915338724731,47.49034167347644,62.01198480163549
Cell_551,T-cell,Batch2,Disease,40.96630129382869,55.09622007275849,38.11978302188164,56.828912883101815,67.40790310572496,,,53.78700009701941,42.55150025735925,50.97741096892551,49.62569751064383,45.10461746820627,46.33691702050359,52.675930856083305,68.1866634183012,55.73122683462093,45.903154593336524,54.71411266408312,51.54208241126196,52.05706881835926
Cell_552,NK,Batch1,Disease,,33.091406046792294,53.43131834075149,43.98296910764823,60.590108843104716,64.88990822467314,error,,47.54148906564801,52.334287586525036,44.88343897714274,43.0018132114122,62.81273791725849,42.58656052010821,39.85474482982359,63.03828161772059,35.872734860109176,54.180068920661945,56.631874161896945,55.982110297128386
Cell_553,Monocyte,Batch2,Healthy,40.54313566281362,53.3253025823052,71.83922498363975,49.01411984055629,54.18121761587406,46.9972384421076,66.20038639455407,47.14884360480484,43.488130259861634,38.17283765161695,51.5889887616883,,50.57893473651282,62.398013502062746,56.79183274542615,65.60929183335638,53.51698534174895,58.275752318424594,60.55428697822705,
Cell_554,Unknown,Batch1,Healthy,53.92609432203349,56.58735676120221,42.707145286544545,,46.56055344622923,47.700293547071404,59.056310869337125,error,52.08230375128534,55.37789623447266,31.115996350014097,35.952625628104364,59.91673181982514,38.906551761781,44.554850484458726,41.75336506541686,32.648489500925066,43.61527962335067,47.75050965821266,35.54983096018257
Cell_555,NK,Batch3,Healthy,58.139240339014144,36.94634689831511,53.40920525793032,39.66318686339729,51.93811690947622,58.458173547862884,63.33975278109821,46.61643329298245,76.3399691041879,49.29748605660522,49.61982750458772,57.7265074193402,47.040436536600474,70.78570180787601,43.83195064167107,40.34727935881577,51.96739081094348,51.81862718882584,29.9411444551234,49.0902821155132
Cell_556,B-cell,Batch3,Healthy,54.919248531562395,31.739203346491152,50.14367195006067,65.99891114601343,65.61319044135814,49.42905918821434,30.512466728001616,error,52.96040564226689,36.423703553085865,29.724682399475082,45.96059944523484,47.29017829810641,66.98572734404922,58.208865364225645,error,59.57082210961302,55.59191267989482,74.01125529403116,43.06204129046566
Cell_557,Monocyte,Batch3,Disease,34.79859592580529,45.787194535337186,59.29726223396596,63.83700370363582,41.982960723459016,41.44403392149589,46.17616162061848,39.30286158989385,36.256926531659744,44.81965643393875,60.25785552912787,48.22823152234738,55.4126355459654,47.33826035358118,60.65995114973119,43.24097036714801,62.21402413725605,51.91612042697606,44.93816083250187,57.77234703029319
Cell_558,Unknown,Batch2,Disease,33.64296805631102,48.8857085319515,42.40093693215107,43.236556836048855,,18.005376448328896,42.174851353567945,49.07164209189169,53.067859702099355,,64.05885536064613,55.12657876033882,47.818153329237,error,,46.73170293523372,63.01798524576897,58.211398595022324,62.513576138303335,42.96887377693924
Cell_559,B-cell,Batch2,Disease,45.2203680676692,60.09794155412411,44.027152436412706,37.26275614835012,31.786840694886983,45.64018984355304,61.08715755298314,55.64744508022629,41.79945834416479,47.217558231373715,47.742758495842494,59.41599161782365,,57.10778285588444,64.23907637008952,52.82295255750226,62.46976787742626,71.95607706729533,28.070078859732547,36.56657861840118
Cell_560,Unknown,Batch3,Healthy,45.57581428483088,62.97681203857273,47.843045916372,50.28603300077871,61.46538644567727,39.24918760835506,59.30253951337961,32.82266803184908,48.88758215519749,32.25338244107888,54.60558217226169,59.9799152419707,58.33093246046168,37.26163599540506,29.70215287629792,57.090930246203506,49.83689707296768,,51.83268127205848,
Cell_561,Unknown,Batch2,Disease,43.24062721501029,48.32327311420942,43.33948081279337,42.73517675506937,44.526735459318985,48.800786832183924,51.45215628550557,51.66263335940009,40.840702972037974,error,56.118406859890385,46.900588660823246,,52.00649702984386,42.62923287694264,,45.12921977920389,71.63609619933007,68.5214528346767,
Cell_562,NK,Batch2,Healthy,59.537692251495095,54.77375721164706,46.47506054749681,36.816227593944845,49.30986687542226,44.59561808057058,39.764421752623605,47.45064816474195,50.6872251105788,55.520248924441816,49.49015019234571,,27.339364337061667,44.0756236505993,49.26163937100697,38.27558790932949,34.77736580385269,57.611622815067705,51.00140240306174,62.73815967688961
Cell_563,NK,Batch1,Disease,51.671512380527545,48.58653357734508,49.62948522571366,47.20313635492511,52.375675938499135,51.88957292240401,48.45660768882909,58.30002107257942,52.28701445486006,51.30907145247638,56.639011326856775,44.178908772430894,49.582341246300814,36.80316647415476,40.97922467298895,35.218148653895064,60.03111831403969,error,46.79911488066929,68.1917936402516
Cell_564,Unknown,Batch3,Healthy,58.06989172062188,77.5906595416391,33.50593165099018,43.4784115256566,53.08470380994818,56.09384543878818,,50.47618641683297,62.808327178857155,61.763667459552586,36.729372215475266,58.6965627721104,42.66667795252598,47.071123624007384,error,43.14682743373255,41.69004827197885,,58.116591960170815,54.3477045927222
Cell_565,Unknown,Batch3,Healthy,46.849179587326105,73.15155791491888,47.592648208035115,32.15221671754443,60.90857462019621,61.86794216185294,58.499407806687394,35.30351574836294,49.0126516850368,53.69591284205638,64.67824078489912,53.599345240742906,60.93688298126973,,41.49959044802786,63.42558531828921,48.173260907171226,37.56983235867721,46.14665594511503,61.566450868788316
Cell_566,Monocyte,Batch3,Healthy,57.23960474551488,46.47021754370647,,53.0616917523224,50.833438606538806,38.82393378784596,45.71572877237637,62.95867470465893,50.80581646634787,39.724142250691386,42.12803669974738,38.653836647606866,32.80639849571721,46.41741195393371,61.07151249901178,64.02887216867444,44.382620050299096,44.94365629262913,50.61452087193823,58.924987989952704
Cell_567,T-cell,Batch3,Healthy,38.99449065556562,46.56517795190888,60.52347982762963,53.88953675002839,51.09921849677332,48.78594364852348,63.64325116772863,56.9220063206722,34.07534272984242,55.82876422022446,54.74601188446909,58.86372732929176,57.44389588448975,43.665138975355966,47.758259366500745,55.8706975465941,53.930520658131044,40.79751284420029,44.38516401216794,error
Cell_568,B-cell,Batch1,Healthy,57.46356497718026,60.9613466320969,51.83039421147887,59.83619678707177,28.547690167631554,41.69343362093843,49.72680585406778,51.55316570745915,29.593177194671668,56.924988287054795,49.40635397146089,48.510816112631815,50.430594829508266,41.51470307683991,41.405253949495865,50.92429579633417,44.15500069555603,48.69623439070886,,47.12391158243264
Cell_569,NK,Batch1,Healthy,31.353320540955252,59.48041391829399,,41.378338819468134,54.20367136256017,61.56759860706178,48.739457216514104,40.18875516496155,28.51137681252984,57.72305066806753,52.452307125921436,48.668491396251945,47.93186429163269,49.59765392307143,63.49420593724312,,40.26955191894751,39.06495907380709,73.08581563114521,58.28004766721058
Cell_570,NK,Batch3,Healthy,46.58693241209701,51.099308528662,64.05518596499599,52.62226365059159,49.83715185341238,56.99352251721447,51.73105825144019,55.85456931303601,53.84889495771761,27.957790777372796,48.0574269749569,49.019494067591545,45.5952968140863,36.57102296866951,error,49.655031854386465,47.36887449666461,70.0232085489647,60.648155364822664,
Cell_571,Monocyte,Batch2,Disease,50.73079561970941,69.93677579381784,,45.753776973710956,,60.35589071250249,49.62917467045944,60.57736539168518,error,31.735121732568974,61.120186909411345,72.38779043684178,57.37046245989415,24.607647364448436,40.33004796483041,58.255342591573424,48.325733790561245,56.05395327357709,57.82019374440954,44.07682500028274
Cell_572,Monocyte,Batch2,Disease,45.696243308131464,51.222769932728,39.50298533615943,32.54763425370537,39.64798227506877,64.30563601805707,59.23909781061072,32.471703971787136,37.3797571552205,53.37981136678869,35.73572914441521,34.64738605325278,40.22132818447996,65.60270549377688,52.81292188670949,50.84088924789855,54.116183320331714,51.82163867133226,55.80410430838432,47.37070463763541
Cell_573,Unknown,Batch1,Healthy,52.40078781036618,45.97845660418862,50.89356022597337,57.47591112020388,53.082528163481655,47.23138067156521,54.039058121325986,36.27028127837327,63.52516394077455,59.26541405798487,40.19718303021257,60.33650554157994,40.644886014302976,56.46861922324587,52.25389145897729,,,44.510803121006646,33.50481714396611,53.03070090046159
Cell_574,B-cell,Batch3,Disease,41.14565613632108,43.20246546179808,47.23855844940273,33.155957724072096,50.73678181539603,53.6763133345655,50.768393537907016,55.35764894891474,30.873794403381932,47.97281346195435,,54.32409363615686,55.90021559782012,43.250916782655366,51.98187196926824,62.55921034293984,39.1255267660182,56.13739269636167,54.47986707161438,34.358279367271294
Cell_575,Unknown,Batch3,Disease,60.7926056054912,48.05996676123735,49.669678521982966,48.09891455930659,61.55526213510706,37.482803826473045,48.58280267455025,46.71561977764695,41.30739768070302,52.06884744192493,error,29.776051407023935,65.05190790823818,42.083247054618006,37.52212161418612,43.210354461693115,63.44015327055515,39.283412722335925,49.370319087418,
Cell_576,Monocyte,Batch3,Healthy,42.648495656457925,44.993781271329325,49.81499581526798,51.76702859849467,33.4370411587706,31.174039236333236,57.32174614021477,38.87341990307628,70.3752268780789,61.254798432585815,51.115016654447075,81.9634113156287,43.43450296591397,error,42.672170907628015,53.364225264631266,44.302433366714666,47.790301269814165,44.33462979910787,50.43933045250385
Cell_577,B-cell,Batch1,Disease,71.9358421097403,48.05864341148458,38.72220940466947,43.52818814298124,53.967044312903184,68.59394218880547,26.88384449716154,52.33049861898244,49.30962262488164,45.67731579263303,47.18977663288421,,58.28866253569636,50.810083182455216,error,54.979860321402676,,39.69321785363214,49.66483218148946,49.47943106763405
Cell_578,T-cell,Batch1,Healthy,54.56870297405356,33.06918072795638,44.18572514179727,67.86898995861583,40.08720202623876,54.945905610640004,54.424865841586694,38.363605411810255,53.348453616874906,50.53382657028041,30.648310149549364,47.868956596945075,42.98492323742936,44.97545131784481,50.321596975507084,58.3412309238024,38.053444091939994,65.99967931858686,50.17253205083633,55.12543677783845
Cell_579,T-cell,Batch1,Disease,49.12547447496465,,62.00923637080022,48.06175164551808,69.69831666947641,51.495454372015345,31.949354789814983,58.73737875505916,50.78462088940898,error,61.356967957579926,65.29111885476337,error,46.68760299897541,error,error,,42.90654016822044,72.0245505956346,58.193451002511424
Cell_580,Unknown,Batch1,Disease,66.00072435204336,36.169063125415065,51.82094298924516,52.07581643411547,33.90002126408962,,36.793579201092435,47.93857297876772,34.88957400872114,51.440761382817385,47.57961259846939,46.31631134402691,,53.24333396496422,33.627988408775096,48.12204692595469,61.16260655487057,45.36365815278903,,43.655409245922385
Cell_581,NK,Batch3,Healthy,53.048133924493555,49.60551034100639,50.73704193514575,,56.652428542151874,56.52541639698507,50.715148021176056,45.71505770701175,38.26639894157303,40.728037813386216,error,53.68329617161891,53.675111405263586,61.31247204037594,58.05797318939433,67.35591110111537,52.897234493073775,63.44440215523803,41.05593228571583,42.823745595558975
Cell_582,T-cell,Batch2,Disease,56.07152901234275,55.22784972402575,31.516652105575012,45.95429666067143,59.763591871425376,44.87376051364877,40.95272483795333,42.92246542588973,,,,43.24259661500669,42.94216073809517,44.983736367601765,54.86515952680695,60.51849814088746,45.42204281645333,48.33602527626714,54.580911152258864,33.18606778959867
Cell_583,B-cell,Batch1,Healthy,35.84177742540742,56.95227127291608,,69.52590170343359,47.01596122609417,39.68109522322279,55.96554639102673,24.474977512421752,35.2744638574584,66.72567880741293,58.58775035128242,38.31536910274002,61.87760823519447,35.71412788840601,42.60041977937739,51.220083440325126,69.17974667762181,46.20584300486818,45.60318557410396,48.22359726402623
Cell_584,NK,Batch3,Healthy,,46.93915126415663,59.23097791777785,59.90397400539778,,58.08321041714066,49.36236600818084,41.16812841574009,35.922129155592515,44.39302768312057,52.2257903674272,error,60.565321874409776,47.01707789799309,65.60164400255434,51.96114504809811,49.32689440052794,39.94497112805254,48.73390824834254,
Cell_585,Unknown,Batch1,Disease,40.77722543517227,48.00965310466791,46.485244526891925,66.75214912340925,63.5009547028871,30.985435275321436,49.3387894269604,50.7717788661467,63.563874468071766,41.88598574209558,51.8939071184318,38.363996636516774,44.69844998035859,67.24801884691459,49.56616035524793,44.93913477369063,44.20707487042576,53.87351066940549,50.46866813278044,
Cell_586,Monocyte,Batch2,Disease,45.661864035471744,61.10604685077398,36.71977688417128,30.77768930453547,41.566933814832794,45.58369154192675,31.573177164367433,,45.78403087657574,error,37.21754915467488,37.87586759113886,,47.80570835025047,40.50643271477573,65.35592305771091,45.249203890087834,45.92894109009222,42.04503903789223,50.98246687190527
Cell_587,NK,Batch3,Healthy,36.721930827965984,58.21400741194982,39.00344420601746,54.86072069073976,,27.172862964456293,error,51.51919180806247,58.832263272322876,46.10670135475318,40.52096275177837,41.904165340102935,54.639343793742256,52.80400240133854,53.32046230587976,48.448154011776886,57.82171772867781,47.8541737441435,57.472829663989344,42.31100779642459
Cell_588,Monocyte,Batch3,Disease,47.432936502708976,58.18719270497749,53.84481991348379,67.60491334767953,53.69088592513768,58.93224319186241,35.97613907964772,40.439621301572686,38.61613012623358,46.22127451896214,50.11382721268173,42.858180006861886,44.0422208075063,66.76337216973604,61.42559363490504,54.60994478554793,48.71176554071689,64.44853563079818,36.12799036081177,39.94621997713402
Cell_589,B-cell,Batch2,Healthy,32.35982425646607,47.753559594445996,33.465104604051234,29.741959779387695,53.996786608073364,43.74490337755086,51.054205465320365,47.71441633996421,,53.83165428792214,45.34027603804434,49.584112828194655,32.2327224997711,45.016440351041105,48.20556951456538,45.208076637924826,45.15664244446994,50.83059685531592,44.6858637109074,58.42704433441287
Cell_590,B-cell,Batch3,Healthy,44.53227015239831,63.49205858872773,45.48186579997519,,40.39551738061009,51.5291232504143,44.51550529274541,47.50298277247309,38.30534255264624,54.52209872644448,59.91393263484369,42.471362523210544,34.278220474209036,52.8334129577673,55.9737460519835,47.06327658663637,53.191521750379245,error,62.40740701345355,33.88839295088181
Cell_591,B-cell,Batch2,Disease,54.123142006807605,41.33092860895208,48.382464988189426,59.53416592578182,68.12484401641366,48.73517415810878,48.914361154302064,58.52092243161489,49.30438207787748,65.3104895966201,68.5899704076405,45.92334652185535,42.520535578907285,57.89535727234105,42.26946589802301,62.97971601758604,56.83390898973634,45.45368910583851,51.47842341800672,47.559389185836366
Cell_592,Unknown,Batch1,Healthy,53.27803746953502,46.96647933901605,67.25782617923483,47.06957664214062,54.69652030793878,44.208144645953546,38.270085078352125,47.813946956832076,55.35123646096578,49.91585664121888,39.0893734158072,43.05277389535129,62.72422645367827,62.312117772115386,74.27559378197547,56.45283467173127,44.61232359175342,36.32216626829701,44.53217842384599,63.43697999956678
Cell_593,Unknown,Batch1,Healthy,error,62.98168185518784,53.22188319159413,34.721528972726716,63.051480804179775,56.05756908112995,,28.245947941743587,,49.476963192244455,47.91342375176091,47.19648797781837,57.820297447772546,49.06748360695783,35.29411592086254,55.60006677380268,29.759061108093803,,62.462418699199965,
Cell_594,Monocyte,Batch3,Disease,64.82375659955902,35.961941454136124,44.090075658944144,41.58157728807859,43.37726110415324,54.92677660347193,64.80456480603688,54.95822543698356,48.46832928588127,63.2381700582582,51.135676837403466,51.03444578198569,49.08935856758357,41.464193457658396,52.659550806867564,43.878827749889936,47.08082991789746,,36.13413457313729,
Cell_595,NK,Batch1,Disease,50.14085064724954,,51.51264835565025,41.559393083224975,47.605027517224165,31.84319959649156,72.27880364195616,39.209183477320636,64.93181544437948,49.269170101411916,56.74914416345104,61.23051909528396,42.10134958220256,49.530422613137205,41.625567667882876,31.67113652026615,56.42126593162735,57.85565554873235,57.24564519158412,58.6942185767432
Cell_596,NK,Batch1,Healthy,57.778410651453946,67.03528244394501,40.74600127256903,50.035788507240994,27.557144360107827,36.29925411304156,error,54.63195979944959,43.77291077328555,42.96025982905886,error,50.975999568324774,63.679377369904344,60.98490613739847,53.981244711352,error,45.60902218175573,57.29075255787035,error,47.53960021390623
Cell_597,B-cell,Batch1,Disease,51.74954574450483,62.13551516283417,53.83013517430711,55.57747327292454,50.799844315938465,57.67612279941237,34.659586130630636,48.71433370516367,error,47.95475661708522,error,53.27199783361794,52.07605532853062,54.83464673092759,40.78234604810047,54.145707508924,43.80178865108234,61.461285149113735,49.98323418363516,45.60845304679323
Cell_598,Monocyte,Batch3,Disease,38.066716505313295,32.12998451718398,49.36850747368179,54.46229707245561,54.527645838940536,57.29847673616937,49.348773252397955,45.67386775886607,56.69703601814304,57.72627766289901,70.5371734340629,37.85260383011973,43.9814638505557,error,67.05351760654153,49.31828199834376,45.01850820030278,49.244132713938185,,45.9034175027989
Cell_599,Monocyte,Batch3,Healthy,47.99567109889646,50.67400442888306,41.83545346788718,51.0120367779344,45.502500159627964,38.52256263898892,54.342714242292566,35.967082530929,error,55.420062218975005,42.187821010013316,55.4006821988567,56.77551561609354,58.78684165690011,54.657133146132715,48.151138026359746,57.82186559111913,33.430874508616384,27.765149325098,35.695431886309215
Cell_600,T-cell,Batch3,Healthy,52.84547404106613,51.033484852042676,43.84088823999624,47.36295076363925,41.79353692558103,error,55.228795150411344,49.58990973707116,54.63267573828961,66.10303971220227,53.661481499945204,error,44.8840141571365,56.3911712478697,43.81777421942986,48.03208746076112,,65.7952077038291,60.92070179032014,63.60139392482385
Cell_601,NK,Batch2,Disease,45.229979879339005,61.46005734163302,59.43401940459929,37.74583784882938,41.3065261227449,32.73477086328168,error,49.459819679760734,61.38026847050817,70.03023603392235,40.134800605521704,58.76360816377873,23.860346754809033,35.64757024561362,63.744564767700034,60.64206545565888,64.22876596949516,55.085470990998765,50.49427944121367,57.25804521639549
Cell_602,T-cell,Batch2,Disease,58.83335542835303,41.063090940721466,,52.23638516516304,43.22554079460278,34.675850395122396,57.3206981248359,51.104974717693096,37.96626344211536,,49.846148258855436,47.03483687117725,43.74182924970259,39.36415001954005,54.657659834266525,39.33750026173894,43.179926707881634,52.4272240587443,50.22827416694232,46.39819452143737
Cell_603,Monocyte,Batch3,Disease,38.8754458010189,53.719198297906345,45.45686417299142,39.27428191554148,49.98027605139577,51.8023922623134,54.63463642890909,33.80555087780688,58.87564443654443,15.529782603472036,54.51789223533305,50.88895109763188,51.62296545642904,48.48760738775489,41.27004351074682,55.88309707731727,47.087412510150315,48.91092000425455,42.6610361628358,43.59693333867955
Cell_604,Unknown,Batch3,Disease,49.16333196965682,46.86378603727574,51.367803237730605,54.60898206746154,30.113857898214885,43.936539817831516,50.316637156444564,69.40896471214951,48.816258554695324,50.34565645629028,63.287119738731015,50.23203612539257,50.84978296041962,58.82821268638698,33.819217725093644,50.894207188175,46.84394528081514,71.54831626310445,26.117695869222914,43.30369589706321
Cell_605,NK,Batch2,Disease,54.50042066489111,39.720452116429485,38.781972960059875,47.711279364412626,46.94592505684462,60.76349831832911,36.7330562666955,44.67541111698132,47.833288399766744,46.417739669503035,57.560082329760775,47.537885167930824,51.12113766786631,48.104429324817325,41.46164969715747,37.8627561610824,33.29485155426714,53.99454485484892,49.48286771724974,40.774579243595326
Cell_606,T-cell,Batch1,Healthy,46.95570336417916,52.201170171518974,52.91790708803589,49.40414319737735,51.581381462815614,32.08784186168399,57.621094965435276,42.279538374824384,50.7590973103655,45.04023850631915,65.62553462832221,,35.443806106250044,51.77777042344421,54.11782550344575,29.9957111921009,39.62234973784304,48.6161632764443,46.46151648303097,33.72005436440445
Cell_607,B-cell,Batch3,Disease,73.13576927958562,35.93863319628001,62.00893003431083,37.017775909786806,48.09112716040436,58.22037034711046,,43.90671661494409,,63.07112477606395,61.2124504972775,58.62896926665205,,,62.60252011841783,54.09919793311386,47.83328996965524,69.3169668543623,75.10015181947404,
Cell_608,B-cell,Batch3,Disease,42.07930985499574,,48.16361483937049,error,error,70.0210927015479,51.74549545610697,25.105216116184423,,48.548646890189424,53.95724145343708,41.15805317467817,58.50469694422467,54.904122878942935,23.93090104984627,43.195146134263204,40.59893916378499,43.91823808055551,41.5616575060219,56.88508069473906
Cell_609,B-cell,Batch1,Healthy,59.47127624127338,54.440654449361595,50.40732562169563,57.651043974856904,56.61199669292286,62.195783695515736,,40.287783122131344,59.17973063929051,47.0625334772225,41.367243070807575,error,53.76182556976084,60.10324906891486,,35.49607881850201,68.51608430071116,54.97071867550675,55.00038094403311,60.9994002789402
Cell_610,NK,Batch3,Disease,39.95285347972746,59.617428679241385,,45.42897850329423,48.73421725673618,62.39620855690589,58.31011103159451,45.638092342339185,34.41307510840778,49.66088081063753,45.79347437632396,45.65880467690108,40.6527530016646,47.86348479614725,47.88842621742094,52.28971804384865,50.00735882588723,58.63396003442848,51.911531205135006,42.481745201907984
Cell_611,T-cell,Batch1,Disease,58.69194245653752,44.20015375758851,47.69980612012225,41.636721949431745,44.92605671166308,47.08996425880834,35.73223167937337,60.9166269536603,58.32861285112331,54.730507028769686,42.52987909065666,54.29201320227751,49.417381734528895,46.20217837745181,35.31223613463612,42.21423429367021,53.45227387865252,51.624390028621384,51.91762022216236,56.56910536952139
Cell_612,B-cell,Batch1,Disease,54.52974046867501,43.52675896170879,53.710147391864425,16.268510534454478,47.981551092739835,52.588940036789445,56.14818267319294,59.72956688253956,44.89281544450751,53.98872869604225,37.41364025658987,29.42435913981654,53.01880864023484,55.35381659029123,59.02973551750357,49.84832818778199,error,36.00639304563755,47.338133904355814,
Cell_613,Unknown,Batch1,Disease,38.437949442804,49.88205258269462,45.999993843568795,51.45310243145575,56.50073096531143,52.481579758357086,43.04047046937021,43.3167196123054,48.31249101047017,44.232933575729625,67.61404737934812,36.10892128261507,56.46100115288801,62.52065024702558,66.46973269005743,43.34933519217608,51.27719530623621,58.85423138233524,35.06997195347347,51.290298384292825
Cell_614,Unknown,Batch2,Healthy,error,57.68562419731005,66.12460841819257,56.04656432889157,47.174519757400134,46.759264700907465,59.64823784218201,41.20181072698219,36.374332827287695,49.71024801367298,49.734246458301584,49.61552498815413,57.031410644099424,58.18431150164652,65.76367022641331,48.24805615597065,44.46845585632937,69.43270045554655,68.58791267070976,40.14421826846256
Cell_615,Unknown,Batch2,Healthy,61.274448574913464,51.623818099125295,44.721646692939785,66.68787554935128,37.3895542642273,47.46776614085164,63.70924425825149,58.430250023268485,39.88310010321916,52.74182580096538,51.23752722369242,42.91146105097105,55.444670671314,42.75046841034675,51.983993255901446,50.3622370374698,58.20624621305534,57.56511797543537,43.04461264329432,
Cell_616,Unknown,Batch1,Disease,40.41224306800935,46.25392512894793,68.79886420856776,40.435023849240345,59.916154184625185,43.29934336193944,51.87365475660136,45.23350704614937,69.16015297623214,,57.18961374011634,67.02008746091884,54.382372263907406,52.62745902363606,42.38727217231536,,44.19188133666745,57.88090207590959,59.19402934792161,49.172508550636195
Cell_617,Monocyte,Batch3,Healthy,,error,57.60647689028784,44.27664887171933,51.52801438850304,40.65197547510462,52.27855438652794,error,55.67870996246892,30.452234440980593,34.52030994815579,34.05639807787676,65.67882564557286,52.8407311506032,47.80370990957561,30.294335382559883,58.57018981366064,29.208487663887645,58.6372532586448,57.391302998775686
Cell_618,B-cell,Batch1,Disease,48.413328086869335,46.9528905660744,51.151854708313536,32.64293933861869,60.54609618482212,45.93498828633106,39.80503353510234,54.16084111607417,59.375370183160605,51.967518412129685,41.09543037813178,42.959169806432975,45.482973096425084,38.53010199139344,54.94633542363634,,54.552517438995025,58.20857745040924,41.02760550872131,55.10550346894354
Cell_619,Unknown,Batch2,Disease,35.45491354027891,55.67674287461372,70.58104311375607,55.101530377791555,,50.37950456992306,54.537168246314124,54.897451679252,62.36775400064343,39.884687561557016,,52.59719530579159,37.66282681431329,38.72398956409829,51.93775874108942,46.584194083254225,27.94117250838969,35.4858829466727,59.577237973884706,47.495356459183064
Cell_620,NK,Batch3,Disease,,44.48901755269011,43.98310462950018,54.49509920122857,58.732212331934996,64.04203293869541,51.98614165803992,68.44268960566141,36.73906862269865,52.31265993171491,56.79372804155545,35.33196219941635,51.467309969666786,error,42.04341378390843,48.226417119374474,51.0232016749354,40.00195707404791,69.98581724619378,54.05660797281164
Cell_621,T-cell,Batch1,Disease,42.798951374745194,28.790388534020813,56.50480206260974,49.356669057814436,,42.29363882632356,45.907756623323074,47.19913866638945,39.86690771744372,42.434235578314116,,39.73777866931958,54.884152807177706,47.47728302866862,47.98141958094382,71.82709609747232,33.26352709241713,,error,47.293053582746204
Cell_622,Unknown,Batch2,Disease,66.62654602714431,56.972595763347854,38.717841860742865,56.86162599946704,45.1807315955669,56.84477838656149,67.64036157863679,44.11781488592227,53.181726172856834,53.811629646121865,44.48649122382572,47.48849805840541,63.356444151778966,55.09439477544548,59.035281833981024,51.40633466854076,45.983059777961785,29.788195048283825,62.2988073170422,50.76586382428993
Cell_623,T-cell,Batch1,Healthy,64.62139682336355,43.98573301503697,69.89965680613604,57.23805756871887,55.98628725665635,54.05731744062769,53.08516900597582,58.166155798324176,41.18898544130626,46.41590008031066,48.65042657775072,43.17474003202821,35.20027033724995,34.37945689478519,69.9598927009092,44.21358236572416,51.66280092708111,40.267309078224464,46.36693461546957,65.09494613919503
Cell_624,Unknown,Batch3,Disease,46.388144287322305,51.610130595389776,50.19430382957744,64.28154223986662,57.062465385124945,59.23075625197134,,61.28312259692548,68.47855500408266,69.74122284529345,,30.07183367574419,43.054477830869615,64.93002872990903,46.200659420916075,43.46910312695421,36.985712223786486,49.053469679871085,67.40725003784681,31.21183325901172
Cell_625,Monocyte,Batch3,Disease,33.71243253061549,41.57385765007487,52.4146378239403,42.04063284778357,40.461726257448746,47.89649969598503,41.16713538873528,43.11972925768628,37.317438753278616,52.47658628323014,60.4489571101721,45.483712081638636,39.513045388679835,41.72575615934652,54.4711521293512,39.844945668829254,65.25661580298045,67.87875223770072,52.0401164538049,66.83845265974549
Cell_626,B-cell,Batch1,Healthy,63.05660707168291,40.214037322725005,56.62036471872535,50.97204915669475,48.98058161065445,40.44997582940513,37.193177633873034,32.44477739321643,56.66887892868755,37.203675255655355,40.51084048970138,18.349515295786478,48.60183665777945,37.830606661456386,64.98649630019176,42.12473584172991,error,51.903189795728785,56.146097977699405,56.81705850803102
Cell_627,B-cell,Batch3,Disease,,43.89591513173076,45.513201001644234,21.894373974083585,49.92620949488934,52.30975058997688,57.56836445583294,59.35907059025672,43.12465730269256,49.41209051082782,65.18214462966858,error,51.44089972858519,41.7811250703865,33.366224111889,46.6555945537358,55.71438850499611,70.42944873904781,37.84816031799966,48.34863578206091
Cell_628,B-cell,Batch3,Disease,56.80958256778255,64.75103518700179,54.660528742881354,64.55435362393713,59.05254504329468,60.255368318112374,36.796420131121934,45.20357849384738,47.79396332216681,58.22643565935523,52.982788503483235,54.24861623131927,55.767519320683796,43.547121625978576,45.71957527276168,55.97254332710192,48.72318447128046,49.59667470647553,54.40706474034292,31.22319657212826
Cell_629,NK,Batch1,Disease,66.5100114575312,43.31607067782063,50.93324870036796,56.041582045064686,,38.86311378562315,,39.33264690863113,42.60073682754364,69.55318258327688,42.63933998163281,59.25189703258074,37.88740729899839,59.64431739245156,38.8856059300037,48.75173389891521,45.289952633080695,61.68472977937148,39.04010933714716,43.94546990255321
Cell_630,Unknown,Batch3,Disease,60.803564311880066,49.56644046797241,37.82664963708376,47.834395149069344,26.10893462720704,58.061605834343695,39.47242007607335,57.39672205857787,53.55550084918803,62.91736221805129,51.29594146422322,41.4903974806923,56.77193805208792,31.996211808000762,53.35787106959548,37.23870018706572,59.34585975254484,59.56101405732282,45.79887615716858,49.89249759666753
Cell_631,Monocyte,Batch3,Healthy,45.995203585447584,50.599714342279434,55.46498513882321,58.31746228414637,55.423055748722135,44.72973213702488,62.00892585616639,29.661383156241886,,48.345800779666156,53.39681680474948,52.857568137953805,46.37255643709891,64.8586410656066,44.030329992415346,45.930844961648454,42.79045692066181,56.634762005983006,36.92152088094832,54.75236799262673
Cell_632,Unknown,Batch2,Disease,41.813486723448214,42.74892546572438,45.819381019573335,46.25375369845716,48.6117736770032,66.18136688023844,53.34860157857316,45.45901520336966,52.8202104448795,55.49431856027633,53.67698163038626,65.53467249729678,42.20613297370857,42.80502309600968,53.01199301069671,51.5513988203992,60.15544542041343,error,57.70748436919024,49.19797642343258
Cell_633,Monocyte,Batch2,Healthy,error,56.02278066703328,51.313783895148326,39.005922762352476,59.61417564883371,53.763326530495505,53.83344518911891,47.6511018351294,37.23929790699239,46.769447988152685,46.401425271376475,45.96733365945001,57.42834947446757,30.198466286028605,48.7717324210535,68.32746065326263,46.6652727540332,51.998807508781695,62.82878832744579,66.26702818217078
Cell_634,Monocyte,Batch1,Disease,55.40499374346341,31.648827719383576,47.13632980835745,error,51.66336007138557,70.83302164342965,44.76463962718916,error,error,63.88430211747119,52.34379055228952,55.24649087473455,error,32.267465258151724,37.59525643173265,57.819183524561666,44.85614140763045,37.1411107360934,58.902500341229896,39.61671662691747
Cell_635,Monocyte,Batch1,Disease,46.71408200704386,62.693719340545,57.673750164763206,35.03214082903831,49.875893693002624,65.46525483386579,69.91849378440165,49.12179014169493,,,43.124083891948885,55.065016935746996,44.18124230833594,50.00949121581362,43.26709385670798,47.793137913024864,43.565989262822626,64.02676758215674,49.81678039848901,44.6320592379568
Cell_636,Monocyte,Batch3,Healthy,57.2650889111285,error,32.72911253517955,46.04279581105022,48.063442723909205,43.947413263514235,52.20327507279089,56.5805781030338,,49.469547053378115,64.70695633142043,55.45934010339893,53.6460162944337,49.36672279580006,41.24132032574714,48.35773071258686,41.693755740192614,53.06358879029988,50.622428225489415,54.756378009097105
Cell_637,Monocyte,Batch2,Healthy,39.03445137302661,51.78223375721205,45.31789975840625,43.07540053554062,57.26990658704154,46.9516951032977,40.88340157425763,48.24075930453278,52.08252810805342,,57.31398560925998,65.42220280984641,38.59199412638834,46.401724490099866,49.45014811508332,44.15306758533684,57.42356820291333,44.69504126858861,67.37198960279562,55.59311322196167
Cell_638,T-cell,Batch1,Disease,51.66280922581984,43.58978781698431,57.78943714030318,56.313302068947024,44.73442270410639,47.898649327673674,42.31506458218313,52.88751815297053,46.53948249372816,60.92363957348194,32.27681448520145,54.53409657339634,49.637302451723784,39.85107787833513,51.63016010114513,47.0376547886692,56.4292813799331,45.572518192884985,50.09614553851525,48.49462005859119
Cell_639,T-cell,Batch1,Disease,46.022080570077556,,39.543652566767435,40.93897404770293,50.12557119951811,24.37699136827937,62.099775242755726,53.18568531884978,41.64063628537805,50.63155806038882,60.840163336559606,44.804312197102114,32.654613612935265,46.38207105469025,71.83120146947309,,51.68560787769586,43.49324246481529,38.01564637388759,57.299982365167814
Cell_640,B-cell,Batch3,Healthy,49.56083532359201,39.892663967400175,57.48696496039759,47.89511401039196,58.64318365147168,57.44346408814008,56.739131819165316,51.987244247261955,43.53202989252539,50.91442300035007,34.04740566404627,54.585455513231366,53.276092581917034,48.130793335339426,57.33297913241595,48.860713968383656,43.66745123727496,49.68687061644076,35.48216348524328,45.24153683464571
Cell_641,NK,Batch1,Disease,error,40.06874446863594,39.7135480774804,54.001693799303176,50.160678197853066,error,35.84384526942375,40.14518136750303,43.13681059760801,58.56531641798446,66.2836116861902,51.42959409662791,47.986102515644426,50.266074773971745,40.0319754743485,48.52315826015744,55.73947184842706,43.1704185913185,58.544544813422334,47.79924679420869
Cell_642,Monocyte,Batch1,Healthy,42.09891113048482,51.787781833700016,49.20133557290941,52.22655601141459,68.88591304706512,50.19167928544353,40.02126514169214,44.801327658548345,59.541916528398545,65.69587108967949,,57.27116298528596,54.164795207899864,43.79508425919421,46.258947464205164,43.313214878914714,34.167342863992275,58.78108462682948,50.04816824578974,64.1629021414575
Cell_643,B-cell,Batch3,Disease,61.9299493015578,59.39537790917247,40.759603613157864,45.88420154629307,49.60161251469087,29.577318477057144,63.533080091976814,59.36388624063345,40.89321219255161,52.7848027387207,,56.292275039957,66.34861919585552,59.053208568499855,52.050894923538166,48.61467180867494,51.67509566943629,65.1998278655911,41.9934994922054,45.606135850069585
Cell_644,B-cell,Batch1,Healthy,47.41644157507794,64.50635441640927,44.25839470784729,64.39301512237017,25.184828823883855,59.110245888855886,57.113485107640486,36.80406387661101,38.62901129675814,56.13374323250391,68.70749916083884,35.745945058945175,28.29157569948833,56.009451271257255,60.35437939170281,,42.04706360531166,44.32640075051351,52.59464711125858,52.32222835744537
Cell_645,B-cell,Batch1,Healthy,46.11488597097431,52.15264371913524,39.81158752043123,39.90190888356526,error,50.9799799219284,47.87861265370844,54.17407545374556,56.20210013317343,51.72452423546386,error,55.86684516184508,62.12049181558646,40.979656196858556,52.348113417182596,42.51232871313499,50.641366446132025,,41.47118023157314,59.48397869402963
Cell_646,Monocyte,Batch1,Disease,,37.255508728358166,52.529371559523646,37.63203580909912,53.419273250285386,50.70826761125484,59.86004655126929,55.05541280591203,51.454457044336344,66.24342706582065,32.84921902807526,45.73859756442653,64.40261184268638,51.8751182193529,51.39476856251492,44.30438729161722,38.32438998015121,31.08389489239479,51.668570249425656,error
Cell_647,Monocyte,Batch3,Healthy,43.489177935855885,39.09683218441887,,44.07089122468051,56.10888910400989,54.186735769862004,40.931170738921054,36.59259870632797,29.44197952899593,47.718507537946884,63.62269420089541,47.39458309232993,55.24519672031051,61.756358124234815,62.30790993440995,48.62920027280841,58.39749630798731,73.98535343398257,41.639245496221356,42.42414690763268
Cell_648,NK,Batch3,Healthy,62.30923025529539,39.36249679442814,63.50734955255198,42.94888883392483,51.13207751011142,error,47.01150018057645,49.84785773495214,39.58898043843187,63.3449051406418,43.76641553535167,,50.18432643586936,,41.936676298041554,53.160675488453634,43.62734280431353,44.24612976945755,47.67929925236204,59.273530698581936
Cell_649,Monocyte,Batch3,Disease,43.84123291433164,53.96226642800019,38.19054033134839,46.92311714629876,,error,39.654830994829425,,32.782654685606026,64.676429587145,41.54347580364135,43.36176646072013,55.92413061882376,45.58182618039401,49.8903596967017,51.63668337395367,30.764523477817498,56.10058961956705,50.28436024042438,43.44110759629684
Cell_650,T-cell,Batch1,Healthy,61.81591237938993,43.94633629155262,,44.93012584399521,41.26884403902477,63.49518626935239,54.45408751543337,57.09562070587447,58.129434398646275,48.38228809992358,46.992376249293436,32.47895426600889,57.20312593476128,60.47733417157165,47.79099164743124,35.57722085465331,43.07136495187525,55.473011781624564,46.0951049368803,error
Cell_651,NK,Batch1,Healthy,41.25183427868478,61.2778347805679,35.95855478814454,42.796537623808305,61.44836204694309,47.17227004795628,60.71058557961929,53.554032209690504,,53.10574806261409,46.18154055292104,42.78760218718714,66.01138729714991,47.98119511846412,40.94568258896497,49.53327806801281,57.65144303639179,43.33925796860367,61.538352223978166,48.797394953953514
Cell_652,NK,Batch2,Healthy,51.18331751732033,58.36958836869095,50.024881013160545,37.285531563209375,53.14660275198844,43.536449125833386,46.152879084210575,48.48142440158951,44.68122586451049,46.65122175691422,49.84691548536048,59.81623305778949,40.366663327675305,61.17589887207906,47.890434624489856,66.12353667011348,52.69905779041061,51.10536006977923,51.446900213372814,37.88568843952188
Cell_653,T-cell,Batch3,Disease,,49.659968200227986,62.70749119909671,68.5526557071539,65.58473940444316,58.44616689568471,42.707998413887886,46.97910417645484,52.23402265333304,36.83577755083298,33.88273075854786,60.07929877935224,42.76926841937526,33.27364192608091,error,45.78671973943945,42.259865920771695,67.5849369163958,27.68835763697782,38.90137528291764
Cell_654,NK,Batch1,Healthy,,32.49773551134528,40.420091820370246,56.63171666717324,69.71584924702857,33.496592305238806,46.89238402996224,59.060336125152375,49.52295241670307,48.3478368666296,38.20208428547981,48.08730185727402,35.637994023358125,54.266468358473425,54.42912942989021,37.359444593577095,,40.44880503130891,49.77152244355209,47.0065286486365
Cell_655,Monocyte,Batch3,Healthy,43.31503374458992,45.239949628125686,,50.44873551480935,43.82338033211643,46.78519936225374,51.57147495056537,60.093217234734055,48.78628045303099,46.44225852414839,49.806591191089,32.300625237454426,50.39965750887102,50.88915059563119,,28.931523146382045,44.152657622174466,51.73887984875073,56.03913930292669,46.91460686229875
Cell_656,B-cell,Batch3,Healthy,30.100363591117937,43.145596340613054,55.00201608647745,36.83085850038822,55.729620616082926,55.297415402338515,39.96188387347688,31.31523461012491,31.22761549086064,50.50203906901195,61.682450609783,17.087452328731423,65.51596925826222,19.654447930191527,52.96800855171047,54.082514630471294,48.60132181021886,48.940093320371496,50.130645165640466,65.63944948721627
Cell_657,NK,Batch2,Healthy,35.225856150112804,,51.30735635195538,52.94822773371327,59.818265367379325,58.56016116282408,56.07575749397495,51.337453042261956,58.81974987833941,50.76805765281338,51.08828126777041,42.69630141130827,55.14946380461132,39.44909134772816,44.28353983129856,error,53.52490872175849,51.985199372192334,44.75012919534312,56.560713211323815
Cell_658,Monocyte,Batch1,Healthy,60.33038556551919,65.52764027182647,43.9688432201023,53.46065857905852,43.73644736897104,42.24678256357641,71.2243740163849,44.61123084810727,40.52928594419609,60.623879336143936,,52.696346568485595,53.45208815455621,50.64812139904405,38.61385095685808,51.27232229769782,46.36054026741577,44.890095351317655,61.470583075110156,56.710721200902256
Cell_659,Monocyte,Batch1,Disease,58.40513098359894,40.99859516536377,71.05762727866555,55.67875446755784,42.40464309156182,52.76042474645189,44.696210168492684,40.99340265650965,52.68844477929029,32.54440969265971,42.36175305092545,52.49710555735553,40.878677883194314,40.70182218232694,error,55.706003098994465,47.48989728922124,45.90460914869521,53.82899510949306,53.75747077304524
Cell_660,Monocyte,Batch2,Disease,,55.36095001548118,66.09607018396554,30.55252937251427,53.85485165041109,22.0288742484601,61.24279796246337,61.07338220436131,,47.469251579199636,52.00396017245089,44.37297345179067,54.896299822370516,36.287093755643085,44.394684504761486,49.55845732557546,35.82035551840009,53.3670922485613,35.761673525318855,
Cell_661,B-cell,Batch3,Healthy,51.81149694985318,58.61346807089243,61.165809323551564,40.32730743714322,45.24035900564171,56.71548156811037,36.13798981714483,61.17704613852688,39.62598724135643,44.40648183384115,59.61201585474357,54.39835011388693,,55.079427584348885,48.75219195962161,46.23747959449162,51.91357609242951,63.555439114114264,44.672294393927146,54.67909157441314
Cell_662,Unknown,Batch1,Disease,41.48122703356422,46.994866719475425,47.550243208523845,45.066857879209316,46.44836955409598,57.730682749221856,46.79347825191608,48.30981834900978,64.04762102763237,51.60364933843323,49.03630565066733,error,63.49284621320753,56.09898011349244,59.153850733179546,40.811393049395875,51.17019835314265,46.712357226765256,38.570710470132234,54.8585085289306
Cell_663,B-cell,Batch2,Disease,42.7673057304541,error,41.73011556068103,60.18680167698047,,53.274165803585234,39.3488616671,53.728717033793274,43.70444964049416,68.58620011314838,43.6270226716561,28.485888778787505,,45.083241957000546,58.958458362999544,64.13712228286406,54.11052824543292,51.866391577454735,error,54.94703081042072
Cell_664,T-cell,Batch1,Healthy,61.6053025666774,,39.43166036791003,error,34.58974566420135,27.986135436933168,55.13705320263431,,53.7634778449308,62.01713063108674,58.233474000513695,52.50969903613169,69.40149969357833,error,57.70740249823229,64.53060416597928,error,39.00029258584523,40.71472548282588,65.4600629425005
Cell_665,B-cell,Batch1,Disease,44.031016367489585,61.68704023744715,50.813760293711134,51.99845218904534,60.89084150173488,41.0957217922187,41.368957047258036,45.27162501561434,47.330058181012745,53.580157721344726,66.21558855295648,60.82548157235093,46.12704479425411,43.82847322645879,40.05547339990912,45.51722898604454,64.71206699760847,44.76721919486756,43.345325781235275,
Cell_666,T-cell,Batch1,Healthy,52.73376788355043,70.23844099553793,56.96386830819715,45.621273222319225,46.42518594756302,,,53.074103228574785,47.273029776767814,56.405722690457225,56.97018974259814,60.78515132578653,45.27146490709366,66.73089684457851,37.54719933420843,44.61833062661315,54.89537382984713,57.957441861471835,53.909870398098874,61.50298438265589
Cell_667,Unknown,Batch1,Healthy,57.671019135029134,56.354872546949295,42.325271332951814,38.14628899889686,57.78932323047594,54.497789105993256,41.562706138627135,53.46630248526549,50.27578674260241,31.51811333014828,45.983587340034354,,53.046411948762604,54.03689356004437,40.4176934580683,56.975577187038674,41.22761439934212,39.93935893248734,43.8697366869232,53.465200086864456
Cell_668,Unknown,Batch1,Healthy,66.74744310409888,error,43.67313301766472,46.43003342126556,,69.80912223575456,21.398265673455473,40.706431681142874,46.45830290487665,55.32417184007052,59.24868223742099,error,57.02412626562924,63.22448047864869,51.7690277809174,,35.58388180903292,37.544752977613776,53.6660241220052,49.25976171957026
Cell_669,Monocyte,Batch2,Disease,49.42713295643313,55.12057484596591,65.80631797970082,39.85904558952967,38.26619565681332,44.9522137079548,error,41.23534035643229,67.50911636346953,58.43087015029145,19.638360929139004,70.37517239462836,57.78710427978724,,73.58764327276907,32.22818363577973,70.86635603455773,39.34511176269681,60.68445454380175,43.6791832262026
Cell_670,Monocyte,Batch3,Disease,30.566322802497957,34.033538747166396,55.17283922844794,48.556726905259076,58.39219994540129,63.926676307216255,62.267773726973616,52.67068003174601,,38.43264085800767,45.51727747578358,48.18091256542615,64.84544674647074,48.94711155031529,51.669199734564714,59.217434967779496,37.39654677532967,43.14583021416144,38.0906867644903,47.35186644330705
Cell_671,Unknown,Batch3,Healthy,37.825474770454875,54.391636009715384,51.600661992685424,37.95288328186813,52.54090221743566,58.14124981932632,27.114154836800466,37.88759044314238,46.801915842949214,65.85531585821214,48.60639146043345,55.323394291537184,71.14591264601988,55.530269475772926,40.32606915834725,68.86442639258749,62.48438453670417,41.081690567218864,63.58178234936088,62.96419518535042
Cell_672,Monocyte,Batch3,Disease,44.795100214235426,40.23612941375298,,71.08888063211771,46.564816791798755,41.204320135401424,62.18529335913754,62.846661046802986,64.2204562535861,51.593330820521096,37.618873689921514,59.44200562560739,47.28516703189244,45.49272405039927,48.88625759898645,42.095803370421486,54.40444230121977,49.638541779364736,60.98164259955489,61.72669515830097
Cell_673,NK,Batch2,Healthy,49.36562559015187,,58.32666974275948,50.02886252486808,53.977331199426274,51.449399970509425,54.58423872576589,26.579434813236453,65.48437080992011,49.5537745856472,61.580441512348074,51.400012822464355,,52.28969918457384,71.13315336081769,29.095109086754643,49.015378748514486,45.4596014743024,50.85722458824763,35.57640130168812
Cell_674,T-cell,Batch1,Healthy,56.49384695611361,49.52283125910642,52.709259635096906,47.76036675608886,42.9218341593905,45.68553850687091,50.114691401570795,48.52387955819717,,57.27832965408034,54.17810571273481,error,52.386430361140164,41.825474077686394,56.91831478725237,42.76605893100715,52.92848099766334,44.79304482491945,37.92680072447162,47.67855416605394
Cell_675,Monocyte,Batch1,Disease,48.547883842960786,54.05529226606148,59.53332073112296,49.708891865421826,64.42466328454418,43.70859904996847,46.85811140353558,59.16276852340224,80.96637224981089,64.85070916145887,53.548555949077155,50.75434067652331,error,64.93946621073808,57.06946828290918,47.47888116359381,56.31360932478608,60.57471177153559,46.00195633905717,45.34207786384836
Cell_676,NK,Batch2,Healthy,45.75071158918667,47.38966236493871,54.45433333870964,47.89948553886564,67.33789539317509,error,47.68576903294438,36.580705169451825,58.4139893998166,63.762712585079285,45.77775710362066,58.84823320455787,46.03119097675661,47.7025474130211,,58.12612526321267,50.5722617328382,45.5683487662971,58.00253963461064,54.85610548122853
Cell_677,Unknown,Batch2,Healthy,52.79909194649595,45.00759680887001,47.812706640940675,56.531743564429426,23.36143414368257,48.88864157834088,48.025347610949154,41.895308597054154,64.49974479396408,59.411984591945036,41.1816397945999,,42.35821924786528,30.06066807749373,59.35422176538504,33.040004142068554,44.08180816027329,38.24890061633036,52.21239996179376,19.18964286183112
Cell_678,Unknown,Batch3,Disease,62.99321763872459,45.16610141386939,38.20601071578773,69.00792161565556,60.80406313866352,,58.26737571180828,45.15220933315649,,55.483920461717354,45.78033807697393,37.14653577257367,57.74274172590824,57.265191249815004,50.91532591186022,52.735561258605486,55.29868874827408,64.66696453072352,44.614216516415276,39.219351901907956
Cell_679,Monocyte,Batch3,Healthy,45.461207645137904,31.192249167865434,53.74484774948683,54.53837698439503,57.80400910909693,32.71249307928305,36.90133453597154,56.58390918960751,31.5511581512575,45.70748665836154,53.807683865576614,59.614874238665905,52.41398780069769,57.76199345514933,40.85733250307328,45.423285654934965,41.95951173708926,37.41600566723817,52.80074429256071,80.56514970439692
Cell_680,Unknown,Batch1,Healthy,56.71168100784401,46.40814680473836,44.33925065584385,52.63009507207103,44.465015113706166,37.64596705719011,55.4611152159398,,46.86399391716636,60.07589757626678,51.22236733698183,56.01084440594274,50.333177954412584,31.74667859024623,48.625868745936614,41.50270080015046,52.59916381272144,60.03502484887161,61.16422473855245,36.17991778082312
Cell_681,Unknown,Batch2,Healthy,31.01975608624628,48.98927212565712,error,46.044539627952354,46.389510105371514,58.884570422554596,47.89738991266826,48.27714685001838,50.79088772822179,57.400422186627935,45.35873492303501,42.07710823678766,34.8395318348435,46.61961360266716,51.85665072879754,52.81030459318656,62.56830490315157,41.50956308626879,39.63130217652448,67.3134455703127
Cell_682,NK,Batch3,Disease,47.50818968691855,44.009391788611964,40.879335582084735,60.68790318052267,58.0314732529317,62.89540729415936,41.07672270520442,30.406028502137936,47.89893582486782,61.52001657073577,51.2261882374246,31.007162348098415,72.22914478943952,42.05202231762455,57.134403928754786,54.04087548211367,48.962198004503634,48.887321317568954,47.99167858734576,36.841139972305484
Cell_683,B-cell,Batch2,Disease,21.906644217960626,66.1508713482089,50.08041293140867,41.10796395014923,60.01694963411224,38.77276871461399,42.69156404813417,error,47.4988801080453,43.87999996169498,39.734715781553916,53.218002284192195,52.64913015229047,47.45086745935589,52.743898892872785,67.0559208748989,58.828232873840726,61.79458614238108,33.88978233064784,49.611689080190864
Cell_684,Unknown,Batch2,Healthy,68.01737046784572,36.79582168669165,59.78553377576151,52.11424055381504,55.171963720468796,63.737532715557876,,41.64192213501502,36.9506650886821,58.15795341901776,55.91862931824586,56.84408447712663,43.50587614209629,33.06984567907739,48.38677299036767,55.52448693428563,46.12958902657535,42.16687114482138,44.01509999114905,38.87247697385027
Cell_685,Monocyte,Batch3,Healthy,65.32388052127104,50.59956170187911,49.16962919613132,35.85166053366975,56.555911817576046,46.90276929061639,48.049516733917045,30.024285688527364,45.142952146917,57.02003207680272,45.873268600004266,54.716837525858054,40.481647190901846,66.76966474436094,41.22573769215266,43.000028124581476,44.096891767363275,error,44.582297592593875,55.53213288550883
Cell_686,NK,Batch1,Healthy,49.26011598367106,44.18082152962695,44.589714475756445,,53.47697182328491,31.729722263104087,,37.112526790364896,68.07445307002848,35.14894869692825,73.11384403146477,55.25492816087399,55.86772400042109,60.578053985678466,35.141453835879,48.1170026060865,42.892810941334766,52.842693974026595,53.0434014837598,56.111006292866605
Cell_687,NK,Batch1,Healthy,43.11778935234158,51.246730275783705,47.96486163255181,error,51.87727861385756,54.04963457636922,49.82821515831052,27.35232442806025,55.41667413625668,40.253280799240656,73.59360197333737,39.940855833069286,58.21543535909055,48.1628798484376,39.61089402177069,39.86604890324158,,46.21835028339519,32.32924371310603,58.07473545320778
Cell_688,T-cell,Batch2,Healthy,45.31067086759316,43.837242813123076,47.307529081966855,66.80337567409106,error,error,55.42124306593901,48.6376731971892,57.55077113239171,30.759920799552496,45.25913219733985,43.68070826135108,41.35175613561503,69.8244581820051,34.677609556250815,56.73893448046822,41.53002004643511,68.50818574095592,59.35272870131966,59.29690542857773
Cell_689,Monocyte,Batch3,Healthy,48.81615326313558,48.99651101099711,53.93767839001106,62.14388779400139,65.39035476044661,45.59661945745003,38.04073018585325,48.576362867002594,63.240790165856325,44.2004522409518,53.411337326954964,51.01783229568589,47.80902622755186,43.421252450943825,46.19315513606943,,40.96429048152676,48.81500192244272,57.47585363339127,43.325604575272536
Cell_690,T-cell,Batch1,Disease,60.492766272948195,67.84822775582114,,64.97495327489938,32.983931043680215,53.32233380351005,50.05815772361348,55.667911173907136,44.86530962427982,39.07715728392536,32.58928670423779,46.395782375090285,49.3581575147523,20.1366109704799,53.56116742136396,43.34561075770167,42.75282927293912,38.580791769187165,43.37486173243564,72.39632575607597
Cell_691,NK,Batch3,Disease,46.69850971777889,33.51238084380536,38.28653623460075,43.17186047902879,59.65700248831415,42.220378457047644,39.73830340558731,52.32227566554219,46.15700275602853,78.37311248483891,51.403011313825324,30.461103013293645,41.945232074515054,,57.33838621716224,56.62744863575898,35.536859136258855,50.52552806467313,,71.2003409636784
Cell_692,Monocyte,Batch2,Healthy,68.01099483625553,error,37.72696092172771,64.71693726032949,66.5589370800694,54.172500683179734,60.79322040620959,53.19066422147906,44.70261358206213,60.87980435453929,error,64.27776080713352,44.945685999759284,39.23421331628632,52.69606917429621,50.25351867633751,42.69291975195925,46.21258910413481,52.85413564878566,35.000308928807335
Cell_693,NK,Batch2,Healthy,57.68651488126883,,,41.47548496059907,58.656377302468734,61.63309769017184,66.65510837035123,63.49498733514541,error,38.36989409383303,62.577586931925495,54.43718671390847,,38.60687893861989,50.52981737701675,39.599315055669784,41.24181236379247,48.65173571263233,61.70241115711694,52.435211006670734
Cell_694,Monocyte,Batch3,Disease,57.29966603052371,60.1406534079027,53.10420309942188,29.978128656309178,58.080431603410304,38.16039040085846,52.0678466096671,30.92609790286122,38.94939755704959,,56.75191205014408,42.3180662792498,42.695731963761006,45.835738456649224,48.38416200272426,30.958175843820584,37.397816657399645,18.774602249131853,33.397201277730446,46.605629595945565
Cell_695,B-cell,Batch3,Disease,43.927192645555444,54.847156933858635,35.606692089492,64.42051820547081,52.4455689148813,error,34.805879495157114,56.00862394123269,63.65558930583899,32.884773458824235,,57.633383122400566,60.65603163619984,,,58.286171867321194,43.6375227494965,33.71191417215529,46.08275937270855,40.413074566927165
Cell_696,T-cell,Batch3,Disease,37.66549040165643,51.42835904579192,,66.1497892370808,48.13210174642345,58.89499063473821,45.97573971907467,59.19425909091806,45.292495916243695,62.09469566189968,51.415102962525495,54.97205024174557,44.791037951842554,59.04664170155061,57.75802556681033,24.51288783817169,46.3751135864133,54.477829499782395,47.2008155121993,
Cell_697,Monocyte,Batch1,Healthy,62.32673876478715,44.645341251126105,error,49.9442595452548,error,error,51.46286330303101,38.460034888442934,35.87298368246495,61.17804883399351,49.50392932320841,52.01037897519217,26.182513782478626,26.74671831541097,42.65694122202647,63.235584660712284,55.46982709723153,45.375331901058935,51.546436697036214,
Cell_698,T-cell,Batch2,Disease,38.44053259982371,58.21238027055407,47.99292565988876,60.61089195853128,41.50992357525533,46.03570259438138,60.70909754839749,48.94013854672125,error,76.88630993335579,59.13699055405138,67.73776199903236,59.66685631124141,38.79300946060718,36.92871463734225,,50.58857559412019,45.871445065993655,43.13331920956853,69.29493783798179
Cell_699,B-cell,Batch2,Healthy,,error,,33.22662083022068,47.206934857741125,48.85819706001056,41.84014634106333,31.003528829980624,44.16414217730358,56.262679697634205,71.46811070778764,37.07621244404788,51.48490240349634,57.33211408652188,57.309904994651156,53.177552761548476,37.33905023203329,50.98349271487232,71.0733936100717,error
Cell_700,NK,Batch2,Healthy,46.10138824044971,44.60398911365802,41.30079167462995,54.9023072841509,,52.11419418459412,48.08179201366659,48.371398753015896,58.08326776956622,39.317965583965176,42.94969860901372,52.177840969891726,48.2184405850959,55.10104066404003,53.292584817671184,51.514870917597676,58.99231637837714,47.50215831273771,,
Cell_701,Unknown,Batch2,Disease,55.12490254828761,74.76933225153165,73.57614574641997,71.05699771592941,35.98721642770674,53.24421798146057,error,65.03361677318131,62.976693995102316,50.51551100000657,56.75319710565831,48.492469558148514,48.781977796855095,23.66403142995132,54.4928518742351,error,58.65037886410053,71.96625110127178,51.60465891574154,58.271963395403844
Cell_702,Unknown,Batch3,Healthy,44.49622444570061,53.36930692601624,65.72832343634792,58.01843254556522,25.017975647700087,58.521827873039975,error,60.17358130979216,56.12066696991035,42.434813491909495,49.82255940161906,30.919060243388817,43.68510157420119,42.553898569154825,55.48740179402379,62.53282400489088,46.29383264566812,56.20846831600131,48.53054259847002,59.0296996321441
Cell_703,NK,Batch2,Healthy,34.534183044223454,60.21911017251219,46.71146140668656,50.8777465147958,53.92141926704374,61.06009943497942,67.55279268759205,46.27715669036521,46.562983962112696,,49.37520280228444,66.69943995693056,,53.203052577506064,46.98296006581609,44.9994828187747,52.45127397465956,,51.71780840166871,57.641652435383875
Cell_704,NK,Batch3,Healthy,26.784148891054457,26.32682356881238,48.277457561064736,43.38727045301731,23.593133386228637,69.12672747746417,48.88815590078132,32.32044180267351,30.573482083168035,48.67100291137738,35.34970250617448,45.92998638561078,52.908268026928226,57.5738878557724,error,67.00717311220586,70.18632664411022,46.9595857316706,62.55516671227368,41.48185944696889
Cell_705,B-cell,Batch3,Disease,39.97578357757523,41.56460107721075,,33.88081205933402,error,,53.36260309082809,42.31553976456591,63.511626182505495,58.665794110220226,50.21933485234618,27.067088872599786,50.36282770750263,47.96494367622309,47.86289293157098,62.45174508182171,50.371309372121466,,62.23485559161448,58.79863108844199
Cell_706,T-cell,Batch1,Healthy,35.136308401460376,42.51685085328779,49.561658182568166,52.61948339621976,70.06474816871375,42.846265868045265,72.32954984824579,60.291537236260915,68.15693089112557,54.90930020607497,45.775529841702074,51.42824367734143,30.433468656308158,34.411917371989574,37.286807300507334,57.3892777099903,51.0751779445459,52.822563402672635,67.66867093577889,43.929549500338254
Cell_707,NK,Batch1,Disease,,51.45993455946358,44.44536193508957,45.92796642286197,55.48666143455501,72.42815845664538,45.05724077497195,46.00943086053779,49.70456653924209,55.85851012468685,36.1402804238606,50.62021363609412,56.149382677865944,43.81587059995155,43.340145448357525,59.57315911000123,53.46273525514465,56.41511122189391,64.35879219600733,46.69957520186474
Cell_708,B-cell,Batch1,Healthy,52.80849657418722,31.486749104509173,58.56041042136603,37.27222154947791,45.018868771919486,57.05063461558352,42.290346793177456,38.662481244615336,51.9183033711861,error,62.66139912600984,33.21578080288914,50.57384314390349,68.31858076039246,39.19327206254237,44.93605558932999,42.95828231315534,error,40.6855120353884,42.04394860009508
Cell_709,Unknown,Batch3,Healthy,60.071284598933005,41.27547586699606,error,58.005020810299015,56.2659450425065,52.743824115778445,55.93978832932753,61.343237070164975,41.75964309095049,51.449411477503766,60.23679068401323,52.67956318107689,58.4950994360407,54.21885581812527,51.145501669009725,error,43.447433193029326,43.614629309910626,56.42297105440252,46.15739683517104
Cell_710,Unknown,Batch3,Healthy,41.21096987363956,error,34.760998458075385,35.79503321232383,75.83651713269205,53.60439533671802,53.88549485115709,58.17535021321228,63.06155365615645,47.63005860677943,45.37475332709893,,66.50085815046582,42.88351444084151,38.0626801833146,50.084360284694874,54.10750105802784,42.18299212202594,61.102615783428845,38.57228725265644
Cell_711,B-cell,Batch3,Disease,53.668034334779925,36.53830747367424,48.32316867347036,44.55571105548587,59.30125150708611,50.62191577971076,64.69907147873556,42.50006495427976,51.14493852936405,59.152701122537934,,40.70766887693505,55.89979276869424,59.69742963368093,37.75807474254929,,error,47.5455478448643,57.293346901150265,72.65263936510127
Cell_712,Monocyte,Batch1,Disease,55.116692342782464,49.4052045174623,57.32106788266847,46.00771178060214,49.8366384317068,43.99998665998445,49.34915645354058,52.4417289986052,58.987236365927934,,31.7850227629146,66.138550832266,55.74806173356669,44.490471651515406,40.50891954492083,51.92713945668311,,30.268481211897292,38.81962297149098,42.37912304973131
Cell_713,NK,Batch1,Healthy,42.20915496056184,48.471697679211694,44.29818486737182,51.40268190505456,41.59362893894601,61.77217255735145,40.24718804737016,48.224485958901944,43.841019729839346,50.21388589269248,70.60307395755694,47.641709710988515,50.833129570980226,66.27556913649947,37.626949133653376,29.251835998601624,38.1246532994887,25.574276654754303,52.585356933260755,40.144366835483666
Cell_714,Monocyte,Batch2,Disease,49.92175528251517,65.3362063974756,53.26546740280112,44.75669609037922,47.92394910417087,42.90576565587679,error,63.360472175727175,46.52681897339025,48.805833919925874,57.960711658831045,error,63.56544117916935,39.3512580640248,43.9930529328394,,53.53713483634016,58.27215629427374,57.23435387846979,43.29248304258139
Cell_715,Monocyte,Batch2,Healthy,30.51167430106318,51.72426002486601,60.85241320584884,49.358420070023534,57.80077609212449,64.23755537451432,52.136731725783626,53.10024337193408,46.929776246753896,60.18900367450082,53.376810073626594,43.75266577676538,60.60640419938289,52.97443972084831,53.58373217353649,39.839325105059146,56.50169757115902,46.765171794524264,55.27899695855433,
Cell_716,Monocyte,Batch2,Disease,64.22851850832507,41.36947870975384,51.964212989504325,45.76464604214169,21.08154430572953,54.23004950283672,37.328655707257404,50.25391035549704,38.85841840732858,49.73740381375525,75.23153750338628,32.74561685760013,51.23807004887225,61.45360726576414,52.74744651671112,35.8447558009362,36.60150790208613,61.12664628728865,32.492416048552926,60.460534073948295
Cell_717,Monocyte,Batch1,Disease,51.948075929187894,61.31763709287377,,54.780557763042175,41.790406482306324,47.4115194008127,50.590344212067194,error,43.44127941005139,47.492173017073085,60.1706824820392,59.31184158226826,62.80257954789909,52.03374311655181,38.760764251131874,41.82978912132303,57.94397396214121,51.18353358878843,52.67071357081947,50.57986598430639
Cell_718,T-cell,Batch3,Disease,53.62649143590904,47.88113304650819,45.0583821987581,55.74898644416883,45.791313950367396,44.45733374484636,32.83968395864492,50.522144697179016,63.58949644827416,61.8489710118709,63.92773644000805,error,53.24987318174342,43.76913808941564,error,,45.509407242844865,49.45703822676741,50.259284811649636,41.2088041585034
Cell_719,T-cell,Batch1,Healthy,39.45125765938813,77.30207753282268,49.62943188095204,53.508602437772566,44.01223359656346,34.77265031662809,52.36991463985312,34.90239956570892,48.51248729563697,50.77089035308937,,59.38977426870995,59.4999911452455,53.46236597558536,48.30383613875638,38.47439120973719,42.29331059594948,51.149443251022,65.26177412737648,65.73444751725224
Cell_720,Unknown,Batch1,Healthy,50.71909756564968,53.53578749316454,55.35057800032916,56.6137249974468,50.197953862355405,45.96492349644364,46.39327283918539,51.405148450561654,54.57824659280169,38.2670628522601,41.7434151854706,45.741960193274764,58.83157203786176,55.71639705145731,50.61469876873066,63.49952366886933,46.11724716777448,45.26103467578779,50.31019894840821,
Cell_721,NK,Batch1,Healthy,53.09712173498279,29.89551146128061,53.02926113723017,47.14064869746621,68.29470594386247,40.39569406020187,47.451404337755854,51.39446594558721,40.71597016900857,63.02027025065598,,error,61.09375840519972,64.22209423354472,63.4072338053919,55.10429707165781,64.22177174821735,43.684330901960216,71.41088892297572,52.46105037502322
Cell_722,B-cell,Batch1,Disease,72.70485481220052,40.58201205347963,58.08906020628357,49.361249092274726,46.52272215225323,47.311088813063066,39.886755765854446,46.400176596051125,64.83894465632918,69.17162639694703,46.56742870840378,,55.58161413092165,53.55405312986076,62.537356465575854,54.98024178389337,61.77470747675929,50.782456844038215,45.53906068692125,46.85511923066584
Cell_723,T-cell,Batch1,Healthy,62.3932715325232,36.43995816343906,40.97597001054202,51.79159259710143,52.16162206622404,49.38252535320716,57.156609647299284,53.494225978499216,55.07906194713256,45.73893724069145,error,67.02728395137291,40.29268801915227,53.051778835843436,60.23543454835012,56.46217709033531,59.644427700805274,43.22067030176319,35.10005481422945,48.322249742782745
Cell_724,B-cell,Batch3,Healthy,32.581061339600836,43.14297578121733,48.61503324743393,54.78401764030504,44.986774253090125,44.8348427484182,50.867795094664814,50.49763029406083,43.210384021288675,65.67694597884415,44.04848489334783,52.186273760741784,46.161151958015346,55.16993398994468,57.141023127355,44.04667938837629,45.46805800528423,30.599678430527636,57.61107271444927,47.17514696742817
Cell_725,NK,Batch3,Disease,45.90458347331462,45.63299031372744,52.726822967185974,52.362566734369956,error,,49.15138813963077,46.337684013236384,72.02981280645812,63.423862162191526,52.96224435008077,50.077459305846276,56.26564532947729,47.49739770662519,48.664499799560076,,56.18103514504208,44.83000490466132,48.19666417167956,47.70467078314151
Cell_726,T-cell,Batch2,Disease,40.24001190840442,52.97567134650775,38.321422992680894,50.79627349543101,49.39139670198305,57.931612687243614,error,27.501767382248094,46.151446348403695,34.5766782986674,44.31285089872755,56.58105975724284,71.11686281466497,44.78551239333315,66.33402601099235,47.29699404873362,39.344994058450766,50.0461265571086,57.73543883738104,53.81333916397303
Cell_727,Unknown,Batch1,Healthy,52.962217141935476,59.45846120693186,68.97580288064937,44.27916381828489,55.216791323542935,40.346479841883465,47.07949476090069,62.85491046306015,54.55961447924381,46.0850984875484,44.33002331446357,54.85267300289664,68.20855950969765,59.4575232297709,51.3410329240149,57.14382183662964,60.16117890244739,55.18061665547794,58.85538848445615,
Cell_728,B-cell,Batch1,Disease,40.54949115371664,45.7159095716134,51.754359834222534,41.76192021378532,28.36309555242932,45.812995074206704,45.26606794303993,55.3454656502105,47.385679556591114,55.208956919041604,38.642311835914526,33.951270350587954,68.17809359948748,70.2042967645016,36.53155695113091,57.07000976331981,62.566300991199896,47.88359475770009,44.086105192775115,45.17623116358313
Cell_729,Monocyte,Batch2,Disease,39.40924515469886,33.38161450227309,62.930426393038964,42.36318757582397,67.10266233427069,50.470194914197705,32.54904251671168,,63.90196421432875,42.82903865753692,69.84794917447734,59.83512060540623,,59.23873416245426,,50.687900056223825,71.60935024984269,54.985159030796346,48.22674310720812,40.60303555082852
Cell_730,T-cell,Batch3,Disease,40.13851784623412,40.94848020935878,64.57510250935583,60.59004044151958,51.81504642591807,43.69911498993279,57.28006734727673,41.306478901576476,73.63348434940474,45.81345418292145,23.240104829045045,68.06184609246992,56.54720125976189,53.82149444402378,36.46748316609079,40.53147602699757,40.86682953287611,48.530453148536324,38.30276807590281,62.10637146830249
Cell_731,B-cell,Batch1,Disease,,52.624622934423414,47.094080081663556,31.29206325770695,37.73925215072886,55.88023146102125,50.66422164495359,45.26001601827616,53.6439612573512,67.39304331850447,46.50604481482117,45.46051773564963,49.87777600589088,39.75735813070815,43.17603234469574,55.36917064001808,55.92787678368582,54.18306104135585,54.71469687986977,38.687557770114026
Cell_732,NK,Batch3,Healthy,41.816682747570084,40.05433703944334,,error,41.59196631736697,49.78524695447899,56.062284433177865,43.5933795637494,62.34537889734418,37.20003965816332,37.680446091525845,45.12439658362673,63.628047500231645,52.11819452024975,59.57413089104738,39.67208652619537,60.34432432183951,50.82299827618353,36.35450331031285,47.58449503593258
Cell_733,NK,Batch1,Disease,49.22543668739767,51.90868464555162,62.30913030455618,48.98862973070642,47.70449079461001,58.49113533697514,,44.222009627525246,43.0599131086983,47.27249762773303,,43.32677360867662,38.91880049148009,46.50525510294892,54.531650184237606,64.44962175487383,25.821655912530193,44.44536568517804,39.163326065818794,41.81746626187684
Cell_734,Unknown,Batch2,Disease,47.81038808841965,error,40.023024298612604,57.23106442902365,46.80387535956028,52.12069746093821,40.64269215627573,47.53802582916319,54.59805891701961,47.619093773152116,,50.442718627115966,57.067317368764996,62.93944157371911,51.34088880325683,64.57858963801687,43.16186065239468,66.8165124267032,65.47014613456125,49.727623702773954
Cell_735,Monocyte,Batch3,Healthy,39.17068152640844,70.29818148656915,41.05195328327213,53.994012692978224,46.87184918381175,43.21347310623716,53.73578001664123,error,53.70798533112724,46.18878722123673,49.79754053004745,52.7133101615178,38.12507884351739,38.87955103849983,62.172889062973226,40.524472091420115,46.06403392591226,43.836069699282795,67.8160662568944,35.62344655949726
Cell_736,NK,Batch3,Disease,60.85313405451417,45.85809499841316,59.678726732129945,50.68699925523811,75.48269394947363,error,48.9983842933875,error,54.89545686073803,72.32291854117844,56.27897745794448,57.81618018111413,59.33385774353808,54.54239434122343,54.42882856431142,40.33790638132391,65.49207250307782,60.983366298594376,50.68975241484261,45.22833579567366
Cell_737,Monocyte,Batch1,Disease,43.513953159071924,56.947253370921544,63.01004995796942,60.114654952012145,40.16956766637844,58.86649810841348,41.05615481921086,38.77106139656343,69.86608848626636,38.37509136258881,41.15848892527165,40.644400738353745,44.996214253967494,66.27721669701074,46.560210878185906,44.26833339101454,61.17063031827942,44.31183621306911,64.74144553648458,55.196865755181335
Cell_738,B-cell,Batch2,Disease,32.39700681212563,44.487014511196804,58.29856675512501,41.03817083592408,42.80799744821622,43.30270028391502,42.27823399079959,error,47.78135296486453,error,46.81489353076786,33.47935169637486,,59.68743410455471,65.16533634385304,52.3901665321415,46.98829444755448,46.93466707076383,47.850797561666994,57.74188340102667
Cell_739,Monocyte,Batch2,Disease,62.09420434939798,49.44912700529869,35.93711258001935,45.136864018909414,65.02673623778205,error,55.9062074415238,46.229351869650905,41.58130276831261,52.79326084424832,43.664932038392045,63.0913444213695,43.45454353441325,44.780359901220024,61.47282989130562,64.29139244545247,47.27809245238071,,32.66364874514237,62.02960228317418
Cell_740,T-cell,Batch2,Disease,47.112783550583266,52.29633581094632,52.85770809955326,68.28517756588418,49.62504382911578,60.51057108661183,50.507231344048826,38.9203963042016,,,49.99151563694674,56.39923094241561,50.14930392335689,50.667527831760765,53.05325713878331,63.03864328288617,47.28353400873105,64.55961382545416,49.13619036378631,52.21513153315551
Cell_741,B-cell,Batch3,Disease,51.692509988974805,51.43412160935526,50.24710595582951,40.73115589767225,55.858480901428806,61.2278624795171,46.742440505132414,47.925972174011015,52.06302059313075,59.52590088825833,55.59120514159302,50.821748879994445,48.175840512793854,56.35114272773668,50.01164557652518,44.36624741789166,48.59743839752389,38.948776023155034,45.09336889536713,21.27931486114191
Cell_742,Monocyte,Batch2,Healthy,43.79292685668896,56.88498866239645,49.75296968643942,49.32857848669818,53.31569473337029,59.81966832378288,52.68369625421101,35.49752622316235,48.217814028130775,51.66139440811649,51.47741819790787,44.23560828861781,49.186745397295205,52.20898842791217,60.58982723594587,43.978010702147536,55.08549945238392,39.09404238683757,55.173739909859094,56.32728839322436
Cell_743,B-cell,Batch2,Healthy,47.6504645264285,54.91719869432363,62.41456708797226,40.85077408568348,60.852697293960205,44.46721835086421,40.666304118575006,42.36392290863668,59.24610034322444,47.76257251078859,39.1022493956706,42.4806309465199,58.37936114224341,50.89856786506764,36.09219327882525,35.48657766421755,35.178671015988286,46.866932779027,53.83748574018192,35.62756124724946
Cell_744,T-cell,Batch2,Healthy,55.37029973582689,48.34506981026696,44.67744627600488,39.58130120721117,57.73468144402055,40.400726791431275,55.72316624623479,49.2140844466062,54.084700397124195,56.50170771926385,43.778372254523084,50.86048786650835,46.04038867937607,57.65607151592018,62.53179954730393,,,51.25491728853321,37.565761940888606,69.93688248587212
Cell_745,B-cell,Batch1,Disease,65.15704273998368,53.7769697862232,,60.13498320090912,error,61.883759653000254,49.2738053059403,34.640283856549864,69.5623598160533,50.094792412630376,error,66.20143916159927,50.71458143967003,34.48878518019324,56.98453877633852,50.64395975895454,45.62037609051755,31.68353614500981,63.62820672817709,
Cell_746,B-cell,Batch2,Healthy,error,49.58085229475524,31.311410999260552,52.4269978338837,33.2264887123318,error,50.81501277906339,37.10502819722086,62.67565699152918,35.026400468485946,37.81463029377026,58.93067538125415,46.28789506810085,36.729334969232426,34.957790536231336,47.924828549959095,31.194493037030412,42.63882763980762,39.87704414124629,51.46697923282979
Cell_747,NK,Batch2,Disease,,34.56103067283655,42.38142109473173,46.512660071244404,55.920163631774294,error,52.68530297725,error,65.97039560224188,58.09349707300301,59.46091705045168,42.81079526824633,46.26536076515977,62.80564585144296,31.97345187461263,25.34029416485552,59.878102725135335,39.82087749554734,61.647457524679346,50.049816055868206
Cell_748,NK,Batch3,Disease,48.86286440106495,50.786968329138354,46.88675112249924,55.26794070024622,39.8567862925754,51.023756930006705,45.888205905820115,50.75753177668889,50.37265719092237,55.83739747546309,51.66697287204688,58.43430170123199,46.94338989770434,40.980835145956895,52.630654641155814,50.5444612684971,36.47624015674731,47.922840104575755,52.27988020681984,
Cell_749,T-cell,Batch2,Healthy,48.54490954282822,45.388064331667024,48.57955724049547,49.55668098777956,52.02921685446939,40.78920119608142,50.162559360346755,28.452244009447718,71.3684338992743,error,error,63.03631549844401,59.43106525025196,46.35949291949594,59.7466841051602,37.86492855020389,44.85789650116512,44.90661816899564,,56.052678567821864
Cell_750,T-cell,Batch1,Disease,65.28349147065532,59.807536353002064,60.774207753074855,66.24818682942534,46.0335367519493,47.586391875343274,45.84342998639844,49.69073235992493,55.431293992914796,55.30726860206132,61.09799887315862,38.85407340182432,46.2396197805187,44.21714643215255,50.8742522532664,36.17977164558877,48.043160713099404,58.771293010188955,44.828042281837185,57.80159176937591
Cell_751,NK,Batch3,Disease,29.220935807945914,42.999450862251976,47.95626012839114,57.91060486528529,55.39851116521193,40.980002349256935,64.61733632228253,64.08909901921908,34.04507139238101,66.45921495167241,47.32031662437603,54.10409707109146,37.94679957953779,41.33197886994687,,60.01408614509978,47.172015985371004,error,54.03448767570749,43.1663623196022
Cell_752,T-cell,Batch1,Disease,44.45282382748171,41.56534325479685,59.765719123705836,61.59262348543956,54.07164878006711,error,60.66515318689631,55.6641498409211,error,44.42751385359006,46.08705622157098,38.2215645229728,61.98200573951701,62.46821015026488,50.48583717865221,53.74949383330004,26.682972185840022,52.61005216778752,51.84029611492241,64.63834621868399
Cell_753,NK,Batch3,Healthy,67.66750255576875,56.8751726825007,59.89992527100605,48.66046571678204,68.28472324940418,error,30.423593871251118,,59.08778234102627,error,68.72899051139109,48.05241872449047,37.444261766784216,46.79315798995975,51.72618168736551,58.85696683668394,64.01920880083651,35.87138018246583,42.784536631751905,49.481102817381185
Cell_754,Unknown,Batch2,Healthy,,39.657771777449696,46.00791956052197,56.29272118735276,47.23320990814853,52.391415677253946,59.86531474537701,33.33089625083182,,45.33452656675959,50.58987845278705,60.5700031962588,34.31909051447535,38.733103301492804,38.09409845493164,58.89641284271417,56.930318687957026,58.58575045545251,49.11299498400826,54.09836705190396
Cell_755,Monocyte,Batch2,Disease,59.920844252303965,29.277543608000734,67.19546249486977,48.76780763165944,49.110216103595874,46.91494666356271,59.40722797814147,49.92904463466835,60.73752205758834,44.75699994220458,73.09390088618991,49.86393996015844,42.56883834779897,43.18152179278646,53.72366114857687,39.63671014526742,46.00636160233551,56.09142638138077,35.52410526118816,50.325948458601076
Cell_756,Unknown,Batch1,Disease,37.29728131771601,56.93698230568329,46.78701413376426,43.183194405008685,63.78171622834291,33.14416691407681,47.975281712850574,48.623111905032914,50.62707097587425,error,34.04685957705176,59.11911130400681,38.9986462187401,,68.11541048074291,38.89886857572307,58.37099243532805,60.870459701830484,45.55373899497474,55.147062167853676
Cell_757,B-cell,Batch1,Healthy,35.97900469677657,51.383072059989175,36.96866197835188,52.06630580038967,31.607235091977937,49.115865775535646,46.438220023941405,62.52499294483073,48.944689578425525,67.87491447514796,70.34787355583678,42.67268522911562,52.62397942124434,53.1587533811734,23.287764178080707,57.58237741954365,37.30354400914909,61.30455026121515,47.524224156392464,52.68843099451241
Cell_758,T-cell,Batch3,Healthy,40.903935761999016,37.78220797743048,50.916668646266466,56.42983011450103,47.10345238955853,,38.37379747751767,65.4620637674914,29.3967750579999,53.84770594228431,55.66245323940725,46.857718183034464,68.92650401763345,46.09273541681425,32.8823586417254,44.31982407196936,65.24677957997542,58.27160001114834,error,45.66313825951843
Cell_759,B-cell,Batch2,Healthy,52.46181379757732,34.99904099288098,47.058648577507114,42.188518352685456,59.599967385323495,58.74426983480656,,42.596981512022055,37.92457328269322,53.92708581270416,55.23416253546273,76.34317711669036,49.27289944115501,56.734555565151624,48.13384560338101,60.15502224268805,49.53410874549063,51.318881457651116,48.58825074212892,34.45145657709983
Cell_760,B-cell,Batch2,Healthy,65.38582819439905,54.006244463691516,47.62813137974707,56.584025119151526,error,45.61065998163468,49.72228793763217,58.32158338227417,57.29138666737586,41.10541316939042,70.68634143593479,54.93968775999852,45.488417894439685,39.74383327607785,44.61649849970731,39.89130160154278,51.65681072265199,48.04148830445595,58.8774459384316,39.49577861451187
Cell_761,Monocyte,Batch3,Healthy,58.78587451470419,54.503049071872425,53.732800064741255,23.65476209247801,50.127457759007726,49.13817385609275,57.127080910072806,43.67449646688297,35.09056535147767,54.38516648384705,37.80129555882867,46.38499293556052,56.81205530867801,37.666169721067035,51.43383706797362,51.02588165895662,33.578071697544516,48.177966050148434,45.04535218793555,42.76255436334388
Cell_762,Monocyte,Batch1,Healthy,58.19454021110902,36.002615729176654,43.60509271927077,67.38557208298359,35.164573162198245,54.0610769787056,57.73787637942779,56.1616320744021,45.92114260023601,45.69636575668141,32.36603195343423,46.76650483013652,43.08432384424758,19.45926448261996,42.89427694887255,67.33748533910415,59.91141776337446,42.55540470458122,28.508376044463226,53.47909222686919
Cell_763,NK,Batch3,Healthy,50.52433716184403,48.54275226820152,49.84702981519009,,53.74136717470041,51.1884844618843,37.7345102425578,35.465130934302714,40.989403338610614,56.963739335474166,53.55972834366345,70.85228287250843,57.711201846256806,43.405700739173945,39.08611433880394,43.176056693503874,54.27186473311625,62.662404117562744,54.979947690924455,54.60186554763373
Cell_764,B-cell,Batch1,Disease,39.15474782822704,48.7139447020551,44.304384592768834,38.36484929857579,56.520626267842296,63.609067496095776,76.1800249006269,67.57625380480773,error,38.89583513605299,53.55960471451655,29.057342752196142,37.136096092207566,57.681872885964445,22.889355084296792,48.255743425145795,29.762282682650184,50.36939928145589,74.3194133426129,60.884359757696004
Cell_765,B-cell,Batch2,Disease,49.234990673386555,60.50532969589739,41.87650812965505,48.492411781591855,49.83302770073422,53.64073511845257,,57.93327008929098,49.916402928511594,46.48630266905316,70.08835701182738,67.41455317340538,32.21176594944386,50.79012403437772,56.239405767215324,58.87673385545058,53.0139970340288,55.56967367617068,39.473646314662744,66.16482573276816
Cell_766,Monocyte,Batch3,Disease,37.48832475790772,48.838842268998015,51.335003083160494,42.459487320759244,42.16397439738787,37.90245677573431,56.38477880202207,54.150955954196334,60.75482133234192,50.33490812516907,41.48395509876552,,49.562636561606475,error,41.859953307645384,51.65634257303863,58.846487751995305,41.90675833344328,59.83920087780841,29.11864064719836
Cell_767,Monocyte,Batch3,Healthy,39.69973186547993,63.52957357720577,52.71971799326942,,35.46727453616801,37.617444994741916,58.76874009142557,60.52241720590898,48.602574541677576,51.56730632738405,62.60870852367636,40.794887515804646,58.405093723362015,62.153205045473705,49.90963076964973,58.4609406979765,,61.028657509776004,,45.94496574828338
Cell_768,Monocyte,Batch1,Healthy,35.22353139173765,46.52728576693091,29.184652199199608,45.839712315714635,49.479321138052185,58.97599413297273,61.2076453445418,46.75207847680767,72.26670279364234,53.54913861357012,61.8854911337429,46.77473983231694,56.012598808193765,61.01029769769756,60.34853232552488,45.294167304791245,37.787875257566014,46.44102318522665,58.60851941557148,55.63969035726055
Cell_769,T-cell,Batch2,Healthy,37.891166113776535,44.11996585794496,43.06279089479234,45.583252520301265,49.39232230139407,49.160106155457854,49.51530002506465,45.642253081828734,57.396486292416085,50.774495001978984,66.22975935622324,53.513751337902626,48.393024284655155,61.475492889305116,53.90826450644143,error,55.85052713046639,54.97372431262882,41.70368226157061,57.032303932046304
Cell_770,Unknown,Batch2,Healthy,43.632934473456054,61.4021245318834,45.90263770436265,32.83112580140938,40.21258896600334,59.91024136449942,57.99520015218038,56.09377722178955,,45.865184791395656,63.20960543324607,38.63136417870746,41.63656935581682,47.28476294996409,56.91673124490806,48.94488080005435,55.335894778358416,51.63146426036701,46.68010861834232,65.15007785358503
Cell_771,Unknown,Batch1,Healthy,48.07044157112281,50.64599911427313,50.95751728957788,49.09407013072593,43.342561853447236,36.84613979473529,error,61.150674809396904,65.52314921260034,44.60615760970305,53.77792973727226,46.97387594006737,51.61934779964948,55.06229951389095,63.22661688054214,41.23288976240136,46.446661690241676,55.98935192256366,49.31860056844586,47.42569339633521
Cell_772,Monocyte,Batch3,Disease,46.10485843425211,54.83788006646101,53.07248615716134,42.464305396186035,55.745189055205174,56.76145252134893,46.84018685973681,53.31696864132935,50.89471161341874,60.50112088136068,62.98385351056151,54.70949953004506,46.01504477941677,59.782164498868,63.73251850514272,38.48146512031348,50.87552710328845,52.9569317777426,48.80362268561562,45.931366543628215
Cell_773,T-cell,Batch2,Disease,53.19270712458153,57.644724238978085,52.708748115104285,46.09016442759345,51.178505334936034,56.12351744366483,41.290771120136654,55.54333732486278,47.08598606426661,48.75258001820371,66.6076104478098,54.98510685952653,59.817260647270345,53.25924107231927,57.258173711868054,49.16667073710093,58.48242729056721,39.46031570125065,41.96258525259818,52.75367750272653
Cell_774,B-cell,Batch1,Disease,45.514087210749565,47.13525662798827,57.90708843012697,58.8251175114917,66.2882607863197,51.66235373083231,42.97289132953029,46.183943700469364,59.97322504279758,40.35349485474295,39.42599183387738,51.10623873084921,52.98701240663726,56.64220979955025,46.92460186180831,47.113428388358244,52.8199664042047,41.312546038006026,40.57680028914518,49.50917820183706
Cell_775,B-cell,Batch3,Healthy,64.68411398079994,56.36387505092418,53.09018732259664,59.38534356814357,46.81565911973271,38.25542168289171,51.92475953313906,49.06246492818482,47.120448709236356,63.4195931700223,41.00148586318237,,41.36116623202535,50.588018104571994,52.17855989596502,36.006756999070646,57.955700729716874,46.910615876047764,58.88943417524199,51.3299375798429
Cell_776,T-cell,Batch1,Healthy,53.937742623630704,,53.844217899040466,26.613925783493517,54.512938314981554,37.14410331926827,65.25111816578989,,40.524714299390666,65.49320793533668,34.24767165806205,67.10131883215159,47.13304480627373,39.35239003117954,50.17770769279208,41.66510909043225,55.19896129289932,46.218827688589684,46.77213233036817,34.67522726134102
Cell_777,Monocyte,Batch1,Healthy,56.31561143121578,46.81113498286271,51.187172856981995,34.536742831130624,52.90283708057462,34.66730349822041,66.9435790744748,error,64.74243257995576,59.16487988379514,74.06021830793333,71.48058938022595,30.857486434567683,47.07454843482886,44.48013408603835,47.46031969062742,27.919946967754925,33.92894710783698,49.47095640787958,41.39696473727763
Cell_778,Monocyte,Batch2,Disease,46.83604563896178,49.83712895238009,,55.9082300359646,48.95979361488537,55.30552632539469,29.211387080850812,48.41963027089724,37.16500635235525,,47.38544349688348,60.50153380242135,47.840951882574174,49.969003521525416,63.279821782961065,61.1362356562868,40.272077329533445,37.44120667279111,53.62403542121133,56.770188792077306
Cell_779,B-cell,Batch2,Healthy,55.61095833521102,51.74379749554157,50.93928963822228,38.12208788197702,41.24222958689208,55.700695777288225,55.46259635833121,38.812128715979455,47.75873450086837,54.74795049203039,57.67074878383069,74.17697328923886,63.11294426275805,44.56988791245437,55.16050302793877,52.57146898646756,38.07374180155951,33.59465221605943,33.343109191171976,51.67366809602429
Cell_780,NK,Batch1,Healthy,39.772391017147946,49.515003029029074,56.63124792846829,64.88862065060238,40.34322815673871,47.63021930546861,47.95875922019865,45.7974698815035,65.93882119039752,46.598338932577064,47.151385787042145,48.910273794697154,66.46559923447907,39.438102465628546,51.82470975119188,45.36881535008537,85.92752314795356,42.943194850890734,40.93664827740206,43.4688384179475
Cell_781,NK,Batch2,Disease,50.00687038508395,60.373407929941585,51.70904204235169,47.14435523831976,63.83334157063655,44.28709852442379,55.116770074412784,54.84521454223729,44.98906697648151,59.33031737092858,error,51.91451075247387,error,65.67614524090993,64.33930352149807,64.99589974745514,54.33981278345038,34.466903081627336,35.84595006209159,51.80474024823645
Cell_782,T-cell,Batch1,Disease,39.834719580905684,44.40340396217382,error,63.17110056896371,36.486726017965715,error,57.32751689212987,51.52518233033384,21.572097104408655,43.51524915082107,50.32398721663206,55.39088085866443,48.0260158131608,,41.11920173595047,28.9790106592478,28.219890362796363,59.94107679231252,,45.3022647686076
Cell_783,NK,Batch1,Disease,46.71236936841012,49.91109604041425,60.70007278190076,72.23733984574201,48.403629371712306,,44.412765112456775,59.25657964738694,42.59287803565783,47.36731679112253,50.86671624353379,55.466548466460075,47.24552779575144,37.65214905069769,55.96555075552258,39.922384161874575,48.799534215724954,47.83201281566208,53.54970340601984,63.42772534241924
Cell_784,Unknown,Batch1,Healthy,46.76218462938492,47.76531065740187,43.52248679017957,56.98478955382595,41.403406202231764,37.037275670038284,42.969493659802666,57.49784768854632,58.478315434190776,41.31613762138486,47.99276039915035,52.19377945351036,48.758393153492634,62.663601455274566,52.250710770169164,error,30.778791774472833,48.30622466694538,54.268608538029504,43.59837807212501
Cell_785,Monocyte,Batch1,Healthy,error,41.842061175139044,41.621333311409884,48.32266496741043,49.03498647849632,51.745326755036636,49.845260039390915,53.95180811336851,27.05909892864518,,51.23118165399989,52.488749560062395,61.072305019201245,67.30405057881318,65.66110652339934,61.68167614817254,51.11987772199422,45.97934729434626,69.20741915295541,53.6440857343317
Cell_786,B-cell,Batch1,Disease,51.165428205838836,42.901072102434156,51.32737255767921,38.04140767290638,42.7800347587618,46.51300851468176,61.95169692987451,74.31607985734946,29.859639972676316,56.5953415720419,56.59885626561966,51.79030448408514,47.10074356585464,64.19407343555568,44.87959220487007,48.72639964574073,44.12376177406435,60.819263668018806,58.67032928827364,50.512756741730236
Cell_787,Unknown,Batch2,Disease,52.205574565779024,52.22752206134533,43.10822203227877,60.553281002348704,54.91799245033093,30.643617869656033,52.35579944764839,55.87474595646288,error,65.15874935080436,43.93582906851492,52.0923347449055,52.89009617578836,51.505664396737764,56.3460401088206,42.85597984583848,59.432835114269324,58.98894396851357,45.52497725302281,57.002590550878125
Cell_788,T-cell,Batch3,Disease,54.03909310645471,30.177116045546928,error,18.87031682898401,41.85850171439933,47.501921587611996,44.214742563122286,39.748256748793594,49.82791217206821,53.81965839012789,27.090701807633373,49.49778464871288,52.03382223589033,62.45463489795836,32.01545512557648,60.82708363808258,32.40991797063681,48.5347387625033,55.3471472859832,52.72072912086305
Cell_789,T-cell,Batch2,Disease,31.955137329610046,43.17473710276104,error,40.713258288388985,59.69483790789592,53.21824292191496,51.25808937606504,51.568116144595734,48.725386184237095,63.377674126345234,44.74285962511133,45.992985454644476,73.95596139043697,58.003509573483925,59.765615684614176,40.128127991079225,36.69375680558124,49.23014742662248,63.69253885044818,
Cell_790,Unknown,Batch1,Disease,58.43558377992379,43.59531649779738,50.48093052640956,48.76062216489164,55.937021026374346,46.92488808282248,,39.75635440480055,41.836463359066414,error,46.466966974606706,37.87261841052267,57.19501752567362,67.16098821598317,error,52.69263521076768,33.65388753695837,52.6652849855813,58.23489648399912,
Cell_791,T-cell,Batch3,Healthy,38.73843161060189,58.03727331032435,error,56.370096419502794,39.924504205893705,37.279070550083944,38.482625487563524,36.501164854996155,57.7715453357769,26.124931876837234,32.0557138258457,57.735357880728415,42.60958560145017,43.40253451892615,34.03858876656649,46.922130631113696,48.79446802478011,46.13745384402296,27.703174600697817,47.238329299750596
Cell_792,NK,Batch3,Healthy,38.92044841393091,45.81290064281288,44.41023194766048,60.163675977030266,55.838001948013115,35.78578648064622,62.13805237492122,44.92662608746513,53.614216404321375,45.89222609485173,44.909475781430025,60.27423291822642,42.38339332619745,61.282565691381265,43.647122214378584,42.47582844555747,38.07321127736848,64.18928704886142,73.2160138616873,51.82722825320172
Cell_793,NK,Batch1,Disease,55.01381297628245,50.13313121042818,48.81132493878267,56.14018133403687,,56.02477342337296,55.68013041090671,53.754457886216855,error,34.282459586532426,55.47023125569203,29.492353466718974,69.71467705404234,53.55049936757879,58.392880638607224,34.79586497162453,50.80800536823776,69.7532032669649,45.40922704133556,44.57526600946807
Cell_794,Monocyte,Batch2,Disease,49.2525837713182,,51.26160362513656,42.164490454327854,47.56323142165432,59.28725391436089,30.137310928443114,71.94267638983682,43.03523609353693,58.66231540444737,49.79864096390707,56.03274984307494,55.48857483563117,50.74936410504603,55.33224231661633,54.40398386341384,76.67940467164398,35.79511701845502,45.970384698351225,49.788367080226685
Cell_795,NK,Batch3,Disease,58.0938664722774,48.064095515460764,44.757303988442125,55.39401578975298,,44.10663840490374,41.756104764576044,40.908441564936666,29.263257700639418,61.92693082331259,28.509926793442443,43.25730987313945,50.67167879984716,52.452417359406894,41.53954973938214,33.24783503159167,58.0804929900959,53.469633649882105,42.639052809715125,64.72276595095198
Cell_796,B-cell,Batch1,Disease,53.745771771222735,44.443956486768975,33.6282193344348,51.97252210048505,52.534526221662105,56.700869736788064,,,40.66905714735547,33.58659255503106,34.8187349149747,33.091826336381565,46.451398569795,47.11966422972494,52.238494013688445,error,49.15180270718417,76.88901683465157,54.96326494721742,58.77143089225446
Cell_797,B-cell,Batch1,Disease,60.71568824527492,53.95514845782427,65.65026891463562,46.98127528219071,33.13086796745563,65.06317680980783,71.45149507221748,46.08902152635058,34.96137851720165,61.55570132550656,60.85421558430187,38.41529851823975,58.64786509814755,50.45989246949429,50.75298762897648,62.22767198529109,51.549241444954724,41.401052095765834,,55.120807239800136
Cell_798,B-cell,Batch3,Healthy,34.58068923244058,45.25942687412565,53.787632549806936,40.708483614971755,61.30075549397174,33.661647995596354,55.42957177114759,44.727398250889216,50.065404997035486,56.99915061633533,53.419463883689296,64.90498108175376,50.00616894160819,,41.137860384790635,64.28269338149418,42.878995060356445,65.43514159426137,57.47274766117903,49.81101201830897
Cell_799,T-cell,Batch1,Disease,56.47737957138654,57.26919536067782,49.327150135311754,39.90288092376632,43.295964747229306,40.920974009018536,45.91369949718779,49.84280227757398,43.24804960732959,49.86276125980044,45.600872248561124,36.157155027752005,54.56384733485136,43.26310129060406,26.065363119392057,36.9941245982503,67.90718528200566,48.45763955120205,53.0120991677897,63.04678100252811
Cell_800,Monocyte,Batch2,Disease,,41.35974656366139,58.27061035390431,62.4727147786286,53.227000463347515,62.76976767399585,54.06347147746639,45.83899974118206,41.194168966134676,39.149080287647095,44.60841394371211,,72.03318967605706,63.8991943130343,52.14658575768169,71.7493836327331,49.39477042998125,62.53764427845308,31.31741795829733,47.02012304835315
Cell_801,T-cell,Batch1,Disease,62.521200606140724,47.84494689389161,30.276820004980635,71.81943410423018,56.35185327936496,46.67907722496457,55.807744164151565,56.30507312375157,57.19667980183954,37.264063307599145,48.37256470837253,,68.60972887413678,35.47969590397852,68.97071095578771,,52.81859216932106,44.322522267665754,57.37452944313919,48.57340222950624
Cell_802,B-cell,Batch1,Disease,44.113384877143474,38.315135381107794,56.89049448801821,55.70929729770626,46.04865553314889,53.15189907180224,55.21105823925866,55.84915245693251,44.40072664654266,28.76812863481004,51.36827497615199,56.31468357275804,55.77380178364845,37.48291116143652,46.705879722662004,72.05080628279879,58.360919605908336,49.27219135897618,57.98339595115671,55.24836090139052
Cell_803,B-cell,Batch3,Healthy,47.71580641915041,29.000878744175505,53.58741476626208,39.04736559881093,47.203069106897786,45.71862479116304,46.069175654400645,55.18287995728039,48.895482548618325,52.11600473081397,48.733927136658274,67.95254295037044,63.99296404931473,41.31976256403117,46.26835891891419,44.10872272949114,56.35065165572111,,47.084348467068,53.7199929249114
Cell_804,T-cell,Batch1,Disease,58.04366573316868,62.40452577441854,42.48875730866557,45.17846206537139,69.94307183994468,43.92631409310174,error,58.873183561205764,error,48.95636643842119,39.76536900604382,45.692364255136525,error,49.983604261129486,39.432476761504944,56.940085242182754,45.31570452138292,48.984617207266474,35.536598479605104,38.16420591982544
Cell_805,T-cell,Batch3,Disease,51.604989741624436,51.70109136778974,53.95884592098709,48.630060788104544,,41.68833864808806,44.66425940970172,46.34887912617297,error,70.60934782798806,49.90459247332853,49.024282414128294,53.11739873224597,35.53172151573366,error,57.62149393296021,53.238383207002144,35.568876063948466,54.423696412892674,51.349319119869946
Cell_806,B-cell,Batch3,Disease,61.80444949170341,42.81101315182495,45.47464676365277,71.41609121497099,38.73532692737662,57.304732040862085,52.939044617524225,53.64043159030728,66.45141865222958,57.70942839612505,60.71514948273634,,55.85046728718325,51.4101395847553,50.6551828960918,51.890207838548164,43.76662780045873,49.50593187493717,61.713812794176945,error
Cell_807,Monocyte,Batch2,Healthy,41.76937237805978,68.03721185604391,52.475822847535916,51.21017815908654,49.03827182207309,50.07055548179873,37.77978231563967,56.75969805023301,38.03715812952322,46.16254891377856,33.47301864915802,54.20467858523787,49.56675690446575,67.47768066817792,36.884330580680796,42.97137871057119,35.57516149615708,49.756083860939796,49.44168435601101,34.94669419245197
Cell_808,Monocyte,Batch2,Healthy,63.367943160292434,47.95745200325294,44.5383215336018,51.66522956514186,35.39523799472494,50.84807584684609,61.98251372869465,56.99747318018456,70.53354365469879,55.022751950090125,39.27877061125385,53.49480964436326,58.74214103553405,55.58913750278773,29.54576215654574,51.623550924092754,48.84936757964147,56.17354091208494,39.27289029704421,56.42570161244308
Cell_809,NK,Batch1,Disease,36.646804046111164,,47.74655747341541,38.50035662110803,51.353029908721325,45.976761958472835,43.76348007773507,44.564213064211174,44.19262849403157,58.2162991262974,40.88973464661349,48.175521033150574,59.59905568832171,54.31943074483175,47.74514889756669,43.37549850401887,68.56845050861,64.78582995951513,78.08925656547885,60.62363897643662
Cell_810,Unknown,Batch2,Disease,54.545295037706644,54.71450046605836,53.59518830758926,50.43197181032575,34.50467512745891,58.659217821413336,51.597504007516235,60.495134921149486,57.34418927964165,47.206843288765455,56.73898683453519,54.72672473010435,42.697690524684496,61.73275853013017,44.05981194546382,48.06055415877509,44.118242272510585,50.53892336120844,error,47.44712528890053
Cell_811,Unknown,Batch1,Disease,59.883073606593484,,79.21428987634508,39.20557502010991,37.936416209923706,36.74692202537044,50.49151085354196,53.750070054679824,40.41953117073669,55.803018692825184,48.747733783495846,43.98478189490022,42.60586220575308,error,45.57145130782363,60.31224200932986,46.465957459756915,45.51935826671391,53.435859607562705,
Cell_812,NK,Batch3,Disease,44.794791393597535,62.33144855179391,61.12404422965528,50.53865274106962,79.42317118431852,37.33791033906433,49.6419238776704,65.53474302677482,,34.9479430025972,47.91668655542438,38.20646870035412,55.14229524380464,41.2768049283701,61.940718301233126,57.026855094060366,55.05372624107836,50.42102821425616,42.13275620807552,42.85030496116581
Cell_813,Unknown,Batch3,Healthy,52.914064643428965,43.360277171840934,67.47499806444975,60.199085249683606,40.790078698373435,39.643395121002115,55.715810658567605,48.71424310564868,26.01396928578143,50.89369585024137,53.7554637570453,45.953987184636006,55.49796785193538,58.26191702212173,48.302013114950775,38.26349971481822,45.16783178013768,41.96088136799585,45.259712341887905,38.20633167779712
Cell_814,B-cell,Batch1,Disease,42.540337375352415,57.61994190322997,47.758641366882976,38.69302387955486,50.84100595540157,57.52309337979864,51.851982161470524,59.06581124538675,49.81910982926767,69.45822642326566,26.788913041015462,45.956397694278635,59.376363307002336,45.534118313995286,34.74612571695754,38.75525372103208,45.76924590762765,82.82975536144616,49.65946661689375,66.54820913879131
Cell_815,B-cell,Batch1,Healthy,53.77221017892127,48.712366137125755,37.61912747896831,49.322784562651314,39.478876639212466,50.08687556071694,48.17893100980373,59.69970593224121,64.2893274547913,66.21314908997911,61.84549155760507,43.20412752121155,54.147467213062235,40.29174789781631,63.563684399057365,44.913889846555335,36.81237856688017,50.248302749608236,54.04348493073552,45.16356195004779
Cell_816,NK,Batch3,Healthy,49.43931234987128,46.20644084528273,46.01132421084436,42.94616178022032,53.631870637823276,38.48547134216218,39.681319667364214,44.79154051277773,50.970343102558815,32.599749348826215,51.05873271511983,60.492419858686205,67.36846832305343,46.94230289403128,61.997928249093825,45.25771440147578,63.6404886023393,46.77853959022279,,44.36778691693042
Cell_817,Unknown,Batch1,Healthy,33.38144467204897,63.08192928327214,58.18684656260452,55.008850423590154,43.04487346686997,64.55370663808708,45.20812506301854,49.16890178604701,78.63363562187646,51.20839993865997,error,46.476924274055804,50.99236586683404,27.835206718116375,61.94693770592842,72.37268318741135,57.94059336554493,49.929545175197596,47.704562126609275,50.75036289109875
Cell_818,B-cell,Batch2,Healthy,49.94496835690381,,45.48291625192971,49.68389877636913,52.821992446127254,73.77887088627634,50.71424393625351,38.8317036930309,46.30482636349989,34.41342661048058,error,55.15073719503822,45.483597018314335,57.54155267726115,55.865798479343276,49.44049144206829,63.39583338611563,55.61494999961651,55.98007082588154,50.607585680461305
Cell_819,B-cell,Batch1,Healthy,50.51729662760585,48.14362654289437,35.61692957611973,61.51315235986738,48.70547697540658,48.57949989704081,54.716418817823794,48.340855608983205,76.75397902767008,,41.60182112665985,59.57764554661074,71.58400639530178,45.13173677232206,36.979171331984475,58.953957868061515,49.257910429211066,49.402663445473735,46.432734152509894,49.36264501557428
Cell_820,Monocyte,Batch2,Healthy,56.27263787874561,38.28687926707931,61.48541766448007,51.26223855664558,error,46.88193112240095,39.62548454236109,55.13015991455838,47.896318883467146,55.597030907792885,,57.68323750020995,63.0886010818767,51.19545113885531,50.174069368268654,49.63467895739393,51.67932330000293,43.55947951061644,52.29638169782099,44.237779343888796
Cell_821,NK,Batch1,Healthy,54.81878644548706,60.779865155591395,24.378252863955097,54.70563153674613,53.36322687593646,error,,56.09095113294762,53.137052383048996,44.74971986354146,36.284690776667524,55.66863201777116,60.915328899175215,39.86019555033677,56.04106205562901,52.76820195572661,,38.669890294641604,52.617664658834215,51.67540810359053
Cell_822,Unknown,Batch3,Healthy,46.886145933138074,58.007569352866334,50.51757936911494,61.89437606493804,39.71763187078716,43.931030832733605,46.93858533309765,61.94102621338622,49.215104898238046,44.737785036213566,51.27149991204143,57.24263784849687,,47.0492373782197,53.86273767386975,45.17251630529921,54.14051264190809,34.47100930039821,38.96704735143391,44.34873435879866
Cell_823,NK,Batch3,Healthy,49.55696250845606,,38.94944140762493,54.501678452106006,51.92611355865886,51.99327409550952,28.241202025395204,56.67133034478038,49.65024785920829,39.63434782913261,,63.440652998315215,46.531243309134425,error,58.12725186209745,43.309579391221696,55.47797406387525,45.41308199031637,69.10555632033746,57.97279534338225
Cell_824,Unknown,Batch3,Healthy,35.35861901757961,51.09382503826223,45.175279206775734,29.65239991251594,47.70580807871909,41.785810292431755,57.73915377534127,48.09946778397538,59.59693701601894,55.21076912055859,,50.66923589526806,48.03525258851791,46.76131943701512,51.09073158553666,47.10875547200218,,54.11010855847441,54.390949046470006,44.63385768595335
Cell_825,NK,Batch1,Disease,40.89481323517547,error,47.46864245933132,35.31885916827069,41.54835340740511,39.23761355019149,51.46321070843033,55.80604224201874,34.709519108413915,52.260908439449146,51.83879907759081,42.10106822309069,38.61000418043747,50.02777550299268,66.28856575032597,46.674950187544276,55.199159184550574,42.88848614780382,41.81645460510615,33.02958651446326
Cell_826,NK,Batch3,Disease,33.275362287003915,35.379228000832754,47.68148832065182,55.73143986677224,53.81061225846566,63.75951613663817,39.08754355299653,47.983185262210924,53.43194468966977,43.747300781155275,,37.81747377267658,43.4344408491256,41.325513784386686,64.30136785639581,34.46913752168558,52.45131710948527,43.12996037622569,30.421701652481982,
Cell_827,Monocyte,Batch3,Healthy,45.12330145301733,39.745445350120335,51.75420603097915,49.70247751155353,51.25225169855252,35.689037582482726,50.40892829079622,40.92520420403367,47.25512651531921,44.72449283655327,67.76336313839977,41.76115797620359,63.736451509201046,42.36337519340412,45.95847480311205,26.060872620863936,41.26081707853679,35.57551332840813,error,54.5949280361785
Cell_828,B-cell,Batch1,Disease,34.867060648572135,50.1673010919943,,,56.69459129963877,error,44.960064867685084,,35.879344548887744,55.69582790620612,65.9615115390333,40.23876392304694,56.652688647729434,38.60646214812853,52.805437245115286,44.446566313017584,57.418132493387645,47.7408292421731,42.03701192528537,44.28400224414298
Cell_829,Monocyte,Batch1,Healthy,34.37683622378499,,57.0061692467363,38.597968924936154,60.80410066784121,47.91019231542593,46.738414914386425,42.6682929167818,41.34645049684901,69.30901217586876,error,52.66986261959568,44.959279666057256,34.17986379397677,51.39026228289429,38.41858007834335,55.22096716268781,34.47657681065001,28.374501132979756,63.08434452673895
Cell_830,Unknown,Batch1,Disease,51.58116020079212,44.87093759090017,64.16769980372827,34.46826638207839,40.99575794050095,55.06586516977805,37.19120822249907,35.288130882651245,38.19099928897878,,31.59860654381674,40.804181191614134,53.37037076840137,59.08127706006258,,41.93971436061096,error,35.66079384254188,51.21665265426383,47.668738624153114
Cell_831,NK,Batch2,Disease,55.46581181617491,55.17696583748075,26.062437356783082,78.05317693775143,41.10418517428494,45.42021067631664,51.17545925124909,48.454715426465604,63.71595350377558,49.46175906166172,46.85282868614921,71.2094348480644,55.46890540693077,33.0440997602755,,59.88541418167698,,53.83861767436255,52.08516494642976,57.94845529970068
Cell_832,B-cell,Batch3,Disease,31.017631469299474,43.066867100538694,61.26565499843622,48.62014317690147,36.79632553890476,60.48643061132515,49.42067158391681,,42.129232875267,44.71280897516431,52.705088847171446,60.93326837531198,49.750178120156214,50.53212382534747,52.78995944273549,44.84324076542965,62.35274936947256,61.16103820513319,,65.97648064177565
Cell_833,T-cell,Batch3,Healthy,39.81656483994216,42.76651320463472,50.33416933589818,50.17895828326298,61.02609547242754,error,38.94125115782512,,67.66736836727702,49.348408558830606,45.89883293473624,41.46602766478704,error,38.45472620483209,54.516380927316696,65.5716662619724,40.17624780220123,59.023160606808496,49.9650299370156,
Cell_834,B-cell,Batch1,Healthy,57.90094852134216,42.024313937567634,47.1331701716439,55.05630234432752,54.2216400504609,48.040220110748606,32.27990644061914,50.20435987161571,47.26575779530045,45.994774227500926,57.17428030676712,49.360583414581995,51.72480691865068,42.45417972344874,37.11312005787022,51.66234012742052,46.46551214547826,55.54904072231026,56.89820488826432,62.15210016267908
Cell_835,B-cell,Batch1,Disease,59.741983432990665,36.98461002750818,64.84769737625128,45.897719185153825,,45.34286529648242,44.37877102716937,40.16626957528143,43.34680070453824,49.34097435164433,44.50351272244312,error,45.8649666449026,,,51.8582534317497,48.40096890349131,42.52013695562695,54.19074507979791,34.097921238241426
Cell_836,T-cell,Batch1,Disease,37.482104167427,56.86118392957745,46.61850229008934,55.81083586390057,34.250373817885446,48.13935523944299,58.28000187348487,58.16185749430387,59.02646694024503,52.76821634691237,53.04163868985506,58.20291514159943,55.90031611778334,37.603399942853784,67.26047011957722,75.63883230939778,47.091417972843644,50.668841050498266,62.370942489292695,
Cell_837,B-cell,Batch3,Disease,error,50.66073083014616,61.000437068123624,44.50559860174028,33.19494425331868,59.56310141128707,42.071038483582846,62.51363148622625,53.034212735876885,43.618043802560784,44.59110644292595,51.029979293130985,45.41369381799586,57.66922506236959,57.08317827194246,50.624801445817724,52.62844392305698,60.89711364007977,42.63038744351875,49.68104631535165
Cell_838,T-cell,Batch2,Disease,48.184450211701964,63.63776765121945,55.721272669891924,53.881220341347486,61.23055928842716,51.27169396409905,40.37243507625753,54.4393814853877,40.593730573308605,,54.99991755073371,48.650466518623375,62.98987673868786,47.981824328462125,45.419448840813466,49.36765632773617,73.06643605706468,39.453497386093886,52.68291159619369,59.98147016423295
Cell_839,Monocyte,Batch3,Healthy,50.78412239409784,62.68285328174898,43.58955195252971,44.94789826010468,51.86292055930662,40.667379279325544,54.01362317598305,,25.043312180008233,58.854884579021096,59.24917766532356,41.22189221119548,67.83951891396681,33.50359270424356,58.6066488183884,57.602726325659994,51.35159437319444,24.687243153434615,57.07172047041861,42.697051224995924
Cell_840,Monocyte,Batch2,Disease,45.80021774840682,56.87185935112549,65.21242263712799,64.15513854610404,56.23978390201456,27.374465162536623,54.33335258952337,56.5231795464195,56.067328185044396,50.72209469363677,43.70315077768413,error,39.90815433744105,49.42732864420331,54.14144699115229,54.481506958155876,39.9504184088765,49.70345390064559,44.09035343008438,54.506529564221324
Cell_841,NK,Batch1,Disease,36.171810544161914,53.78296560741362,41.38979834151839,33.55355230508238,46.24509343000621,34.12936732284351,58.77495510505218,53.82427876943812,54.8430923059768,43.22378792964005,35.15183292885894,57.161278089495305,59.0733672865595,45.12497537418123,33.06198527776948,error,36.21409366236387,44.988861797499226,22.443998441957586,46.15314935343617
Cell_842,B-cell,Batch3,Disease,48.99967717168995,52.43734260615039,50.935162952845964,error,45.947287062762804,59.97141791814248,54.653912480084,42.41678508137154,45.9427597257453,50.82124185623293,51.70521157183005,55.5200157086432,error,33.52228626127686,60.24112156269864,46.712825882168595,,51.29204633420702,49.07947747243683,27.805832668461377
Cell_843,Monocyte,Batch2,Disease,56.69268706805169,52.40291705866409,,37.83370082559561,48.86646273629039,57.19078743759602,,54.776126403113096,49.0034222254478,51.28323395982089,49.5426348510671,48.270496157129074,63.22934739668801,46.6305643169727,40.80248959250807,68.6560648265809,43.173468830875066,47.72718386634533,30.704564595084168,37.101450914221935
Cell_844,NK,Batch1,Disease,51.78842610109889,52.37516687489322,58.77597019059658,53.2212381676582,51.82284358668463,41.62322232382573,45.6046766886238,46.49074198966603,45.38232667171281,47.82229172237057,42.93236359031919,61.4289546140629,41.05945232924394,49.75300156511596,66.89525448591714,,53.73384554209886,43.39735458082426,38.12883032373859,51.207514818248505
Cell_845,B-cell,Batch1,Healthy,47.10094795225122,30.98827854712271,51.82575864383829,48.953518995963435,46.3097525596649,31.113978467054718,51.11057404650311,34.96777668240508,51.191683975260055,32.94722306300196,32.761222737448264,,error,45.36078438277231,44.5984631712483,49.272736967878906,,46.20167874512971,49.465947370075824,59.130768832681724
Cell_846,NK,Batch3,Disease,66.64797884274317,52.15134384591112,48.373347095559474,47.26774339723159,56.90129249448798,55.79567849227227,53.34955251207143,47.64865207749531,62.998197823478876,53.6483014368087,40.88168653360553,40.473312989085585,58.89088470683866,43.06092828469293,67.70049452519974,59.06142569479428,55.38514796340162,57.60903999059065,53.708723825783785,38.86130507220814
Cell_847,NK,Batch2,Disease,44.0956996530213,41.14045535095272,,47.30117265841454,37.51457092168632,52.296689604793094,39.8027416605652,49.54339511691498,62.06670006327607,23.98461000249831,52.22324026436159,45.26919026453551,29.513901902908216,,31.86333276032905,55.04508444520836,47.64176902552978,29.39161415433397,69.34779078740318,52.50003445509289
Cell_848,B-cell,Batch2,Healthy,33.55347314647999,47.19217036982157,60.83488869235396,57.72339050495523,52.03156862390598,53.0794028209833,78.94922174648711,44.64192419129143,50.13586765610097,53.680998491073105,57.84058268363309,61.887101187227316,48.68653707584151,48.215015925010135,35.32848958003119,57.978251029703536,58.15588517791343,60.21313636244976,40.44164119194802,68.03676118286421
Cell_849,T-cell,Batch2,Disease,61.785666902367865,59.58578057625363,52.20761735453964,36.867244018217185,59.59452597095288,58.98643989019533,47.139669101034265,61.0189846665188,49.82625129645339,45.43161425671288,49.59522843640229,62.0815241508098,62.63001748924333,47.95397712499545,,41.264729392138264,53.0305611439723,41.23173960791056,72.25251510314189,50.3552087530807
Cell_850,B-cell,Batch1,Healthy,48.91084302565177,54.339395346014534,,50.271984623205405,53.982521785100545,error,47.757495783833804,39.569030535029775,39.586973415715434,68.47635292156231,48.269382542640116,52.17549651911191,55.003064527914525,63.53110931157417,32.598151731479646,47.43553889546472,54.78425476221631,68.74143519885202,49.37502712616714,60.497735731526134
Cell_851,Monocyte,Batch2,Disease,48.482535513908374,64.27091333098993,60.87472808826146,72.99314686732689,error,59.82285551381142,48.58016385527663,40.40880030749348,32.62394018802418,42.4704585453617,69.59641824679203,41.32525125132013,,59.076030365084776,49.48176877406962,72.19590096491383,45.56270056173092,56.07603505502321,50.41331570199962,42.238273163879086
Cell_852,Unknown,Batch2,Disease,58.519190044677046,47.00211225429161,61.57811884214784,45.02560289141206,32.97168815318574,39.087752161753215,52.053959980048745,61.25360779744089,63.94121208516281,56.35758196243928,35.600678870806775,51.39726676682356,53.51397594241035,44.39141839266696,58.31212383812613,35.055359698726605,45.829340764965536,47.61003998621445,54.366523905516786,43.63455258248861
Cell_853,NK,Batch1,Healthy,52.73670761797741,41.835090602015,,53.23914284206238,62.13792586271762,50.42461359854436,39.064353831099424,34.297781250186844,66.7297645565414,46.69678743842745,73.24002293388877,51.453576322517996,58.38080872829525,42.10176413959431,63.75808273970853,,52.974559565266006,42.96358820378477,40.887368337595014,58.0209647145213
Cell_854,B-cell,Batch3,Healthy,49.02566540893413,59.79471283812429,59.142506488615275,51.53651735526694,60.34779818609196,43.93157241401505,49.37164024166933,48.46898088597092,,48.65329465773856,45.01972934580218,,50.87234351646359,51.349476702928555,43.20096661958832,55.71842330982645,73.00984889366333,49.82052447251123,69.08682723283204,58.329963631302384
Cell_855,Unknown,Batch2,Healthy,57.8530578367484,59.061500019599656,42.554285613397624,54.40527135352599,64.7195317600154,51.04618855111838,57.32539345079074,49.9530636065719,58.71807418188767,error,47.658241200441005,60.80163088798233,42.37291734159958,44.062075278795454,47.472118633660145,68.84737160923402,56.658092987853195,65.91850274457114,34.00952809258792,38.47238431175155
Cell_856,T-cell,Batch3,Healthy,64.0127238352751,44.0176739620114,67.78113229243193,61.250834385405476,45.33993900379785,38.39470834587364,61.084567934278596,39.89420453141759,47.077221165098436,33.68696254999048,52.050142709985415,51.33252075950087,29.183237809451153,39.07941112762239,error,51.19685307191238,26.68292739711843,,47.721367265818415,58.13091652710911
Cell_857,Unknown,Batch2,Disease,33.10692121116573,62.816439394438426,,44.38973380219792,55.03193985730479,43.25420592765684,56.19106470245759,27.307663439049882,60.60930543208018,47.282866854527576,error,62.12795485358602,,48.862804839470144,,51.95417647134014,38.76300549186511,49.36522816926256,43.581213481552865,43.505082870283964
Cell_858,Monocyte,Batch2,Healthy,37.803792661317715,60.34862096918456,44.35910248149367,34.84013982066461,46.20285159738418,24.147655003241614,37.53071944228626,50.76956471400477,,71.27884582906859,33.2163993786459,47.675886868667334,22.296882531315568,67.2668464181628,52.064332260138684,48.470735549231534,52.07337734127485,44.49655045218178,54.26843112308104,54.238089940004436
Cell_859,Monocyte,Batch2,Disease,34.554087190940535,22.914840351496785,40.5176912114557,error,58.62527993222494,41.26596050943141,69.59019270152707,39.72772465605107,52.62177540852748,45.073678253461296,50.99916647363519,43.99208706295471,42.319284125677335,53.06697611192296,65.98182700581405,47.3295181383048,35.45044044399036,36.839192262448876,55.41489288817593,46.98006755871286
Cell_860,T-cell,Batch3,Disease,43.99003995155809,54.157082039201754,23.5627628059073,45.259869764613654,63.192703088789585,51.091326776253275,54.80048969494347,34.48489084246917,49.70666340522062,62.54614687246786,28.31513109367322,48.89594340450173,50.77142029868598,38.69435293734756,47.15793560289999,66.97325463705045,48.21152701119664,46.07112521806347,32.69751566635553,48.93183559347507
Cell_861,Monocyte,Batch2,Healthy,49.15294899525218,54.50105063747081,50.25753781284747,42.06950100385085,49.87134320339814,48.692836676163374,55.376168128818044,52.30682708252011,56.73392095478163,46.44832764696978,,35.780321332440856,40.2276409187788,45.483848384715216,54.26518817194835,51.76361409584029,45.69445718296574,58.53373766163331,49.950756891039994,
Cell_862,NK,Batch3,Healthy,75.55355440475762,46.83703698662764,42.5915802684768,50.39392830197503,37.588206034216626,60.15489463512207,41.269966548875786,,52.183430170520104,48.94858369488326,52.47608316521858,36.75289990801886,47.43251863770064,39.96733685646107,51.312155392948135,,38.57069759822071,68.19980456795693,48.24669898991708,53.63536202004763
Cell_863,T-cell,Batch2,Disease,46.331006940701236,41.052247496251994,40.69480239375194,38.288046756082394,52.247115376786695,,error,45.09327876855308,48.11674435869456,54.051768686087925,39.52370491021098,49.52111457125875,63.46546943691253,61.54938199141233,46.43330704384039,50.08921014872695,55.80739107970382,,38.53166266784224,41.57077158603614
Cell_864,NK,Batch3,Healthy,37.248111687646464,55.42393377516976,error,54.04104136327312,51.5077346226039,error,51.86192116798152,53.86790853179805,35.67173258928863,41.257575730261095,45.70760695979918,40.47531413543913,61.510492813764856,44.146942843635514,43.876787801987106,51.566939607832175,64.49551250907881,52.50421708582202,56.400202116002376,41.7525266719109
Cell_865,Unknown,Batch1,Healthy,54.89401881489745,34.473377919692496,53.227570703477475,55.37493959875555,74.33890662331017,51.72866573783034,38.515273000453114,48.999517567398925,42.11755524231657,53.472812238364256,52.86163276243887,61.60653702841095,,54.745762465780714,52.01247661030011,46.22259993819812,43.922558800220614,54.181402900253005,43.91425979107629,63.95605054590206
Cell_866,Monocyte,Batch2,Disease,,44.25928840235953,error,60.49396923022535,35.31639305166773,,37.65985599853473,45.76703549678058,54.782636840271714,47.808910197706204,47.60220250195287,50.34017125663298,41.472169166768666,48.45828118385741,42.472247644256996,56.345912754244935,51.0104282391632,47.249751681326075,62.316982175094665,62.37814990562245
Cell_867,T-cell,Batch3,Disease,error,50.16318183664314,42.352237635834605,56.548033917007956,,error,35.34681067907134,51.127648424237954,53.11230058554937,62.03892500313239,43.86364298384106,,46.049232613003845,48.60689887318567,,,31.833318115404825,54.98113672730262,50.23206830197243,62.38301193926739
Cell_868,Unknown,Batch3,Disease,62.29350417365166,33.495642132123265,53.74630539462087,37.18207453812404,58.31571814534664,48.964204513034616,52.543130497793705,39.69198155956801,52.74406912664034,41.933408612700774,40.528073288695936,72.55752126371183,46.66061279782057,56.21844700271622,67.00298307235039,50.849193653080505,error,60.90792798952877,43.00315967906959,61.5019993582342
Cell_869,B-cell,Batch3,Disease,33.620012471632805,62.697662635896165,49.5343829879504,42.92991130306826,55.37331559186978,,52.89840218926145,39.33601181733313,47.56832934488313,42.48346109241672,55.798493357396815,35.43024765205669,46.338645368154125,38.02234293586753,48.5281180857375,71.9898994381403,error,63.2574300076086,60.074569651793595,49.35109136450599
Cell_870,B-cell,Batch3,Healthy,51.82144120390055,48.23839449322995,,35.3571909190931,56.982116699829476,,34.75831337295482,59.615720904235516,48.47685828935967,41.267583050673124,53.023242985699675,64.51617517692954,50.22720024459182,46.05254418478635,68.45952176011032,51.95261936008099,36.52570789577922,47.39850855425386,48.35631453775686,42.15622587143489
Cell_871,NK,Batch3,Disease,44.69350943072152,37.645649033313106,45.93513066395609,47.137139326224286,39.71453834301472,50.42445859773749,59.69229901762083,64.09108306616878,39.06729698790372,,41.75541387272052,43.84050701425107,47.44038496946683,48.84694694852896,39.89326048941783,39.18734188040747,53.83374747678138,35.01386762779403,42.19985787985247,45.635125975932745
Cell_872,T-cell,Batch1,Disease,45.67237099281607,31.130645692622195,41.951124520448246,49.53905099466538,50.10702089088966,57.71087332750002,73.74369832707532,46.05825821892337,60.83925233602349,,59.84154368271824,error,78.1914236224286,44.95029922576052,36.200523531072676,57.36088401366239,58.67125162801554,48.94823362513548,error,49.10572160260174
Cell_873,T-cell,Batch2,Healthy,67.3529367540443,47.88146471288914,38.761614163035624,46.23182909425597,71.35157996225641,54.68778972454621,41.831271955540785,67.77375804371698,42.77841620332033,70.53595744323005,51.51157880969363,error,40.533692906769446,67.09734076081239,53.26749543588169,43.48938079848416,32.51324678515401,49.34809560332894,36.75699587864263,40.53860906532012
Cell_874,T-cell,Batch2,Healthy,42.56690050160499,49.35292872074511,50.706837996243536,44.7915172483433,52.75635173669892,28.646700359983615,36.07998627815417,66.08381043375076,39.96755013252454,63.700718714320175,84.58829256876135,42.25457790062105,,49.42436121143567,44.15794066588372,48.790231768195895,40.39199951074892,30.15911316133984,46.65355371056948,62.188843921950884
Cell_875,Unknown,Batch2,Healthy,34.04451371293309,43.31992213786022,39.33207764944931,58.26663004605358,,53.6460133420942,44.1162575208203,54.107362995731876,36.63380920043185,52.716940136280556,41.827942454986925,36.49161318567356,63.17551737824508,60.34019148022466,39.13110416839855,43.70956120964625,46.36490114634317,41.1294623290313,61.29800902188631,39.12504639234462
Cell_876,Unknown,Batch1,Healthy,46.614316164282364,47.57796307654293,58.57523740271019,46.010767017132956,41.64953915160417,51.19598191612035,57.97583539549715,52.94090140485824,61.57686698030874,47.545532289691955,59.54920715883767,55.20604324249459,49.70323554054524,42.994605628546154,67.53239758541324,55.2169456331996,26.588427838258056,52.959093698452804,67.66631074500712,53.03132306161646
Cell_877,Unknown,Batch3,Healthy,57.15934715593285,43.841142930278124,44.077126799356904,43.925011135650614,error,57.843479532671104,60.02235427190278,52.21602134866532,59.59427240174424,61.411189736794995,57.45268688150398,56.31120726235565,50.0333946657581,error,49.47174195300518,52.54365184694332,61.05946426153238,53.83063126721905,,57.99777191166531
Cell_878,Monocyte,Batch1,Disease,45.99244416698928,29.693145106006437,31.285329991118374,51.91120621927844,47.98792347845418,34.9583808704114,48.54275525431024,48.52665612604578,48.97859084417143,46.20855443432274,58.28238466480119,56.17506442194813,49.14548383323387,25.43146128223757,54.096752046171574,30.893093525999145,67.29139109590409,55.82638183261923,54.88961590339366,45.60093131615759
Cell_879,B-cell,Batch2,Disease,,54.09008453743453,40.088455828643355,62.88917922814433,40.50876249307769,27.35488708053243,64.71825559755814,48.86090852310092,56.00760250654108,48.98597334729066,57.82107388105313,63.70503783231142,46.622443787301904,55.575507431832406,59.00923964211998,48.56863143805926,57.340014832734795,55.925367493748674,44.50912884491805,47.192754118197705
Cell_880,Unknown,Batch1,Disease,54.24651083583928,37.8427148806202,44.901037732549774,,40.931143776224175,47.238625274988024,47.06229091432833,59.66561089710541,69.54302591326456,41.67690955203936,,32.67269622099931,,50.381027118317334,39.74109116350166,51.5596489299233,50.35797172657837,48.446871627308404,35.93262587856625,47.0528021143846
Cell_881,T-cell,Batch1,Healthy,62.742818576233006,55.02169507821982,38.06263730397943,51.85463530139244,53.268161879535384,39.11069083340435,54.583961089410266,35.72384838217041,57.17523141985177,47.51275958293782,,56.40544584501284,51.545596877401806,42.38634269789982,68.44843532005439,26.43628015218846,53.120832893935805,48.196206329299805,error,62.03446152164338
Cell_882,B-cell,Batch1,Healthy,,44.494290627818486,44.93897235448663,48.86547342968429,error,44.85819796051909,34.31968509782308,44.95662898853973,31.710300823633645,59.53708293493344,43.28789982076344,64.98658092590591,81.67942412689128,51.39334230378698,52.69075105168583,58.62253995476633,58.7892457949404,47.05967028619537,68.96610465538595,error
Cell_883,NK,Batch1,Disease,34.514195145754925,37.141703652851064,,54.06138595126061,45.7237166130728,53.97440462949011,44.874782117045804,48.84434280687977,,49.76106330985798,40.82258992078333,48.54633058946184,63.41339329993825,60.30054906389686,59.65828823034235,40.78782977842847,44.978451046105555,41.10647316021573,error,61.95473318246222
Cell_884,NK,Batch3,Disease,52.580236651422176,39.659262267255514,error,48.48873468937097,53.741824858572706,56.871868616758825,77.43368179695558,68.50586613116376,35.970615057384386,30.781818029737323,44.042540291712,,44.96131338461332,51.620601597411955,,67.3467885523695,39.18201944946303,,54.339400056166724,
Cell_885,Monocyte,Batch1,Disease,44.54119112241372,36.972770167008875,25.746142246097282,51.228866286464964,57.30878600150476,66.17151937439456,35.24438232340823,54.06397477254311,42.68950176607784,44.77743984453146,43.877776401609495,54.25544071218027,40.3906034863491,51.13796399758215,64.8047863909124,46.936842988449165,54.93634527938388,60.56657168404816,41.36688782574143,54.34063762055137
Cell_886,T-cell,Batch1,Disease,61.05397191115082,58.928906782289246,,48.130624496159136,48.79000888590075,63.40018976289842,63.0659472669864,43.74779947200253,49.63400350737642,65.45089547889617,47.452591715330975,67.01471632637161,46.34575260907807,51.45504970154198,58.08380374498133,45.50143538908801,60.76837136452869,70.23346305252922,47.83648216115956,53.320555976356495
Cell_887,T-cell,Batch2,Healthy,41.379641078513195,43.375890446464346,68.94186424942829,46.81494839907113,51.757148758394976,error,65.91771031471842,50.883149182994124,46.53395793139315,56.811961622594495,55.32431137489621,46.46888300540671,66.7013382495774,39.383055423566,38.04798583028681,50.848908104297216,60.841112178019145,50.49051812734042,53.12691628922125,57.08968054543904
Cell_888,NK,Batch1,Healthy,52.1175954149934,45.087133723868234,37.27987649299992,65.4543186393945,59.033408791210476,38.41316473188682,58.23942951214349,55.22908046197564,63.251231831019126,44.9087099841267,39.50916696278438,70.30973221058304,51.53453249772335,,58.35603704017666,61.004841046311924,36.71560040083146,60.429684424028686,61.823439556804914,
Cell_889,NK,Batch3,Disease,36.202224804646434,50.24955296075874,41.54790007881423,52.75887444859262,51.886694046657,47.00882992756305,44.66917291856261,52.97831656944736,45.446006403131044,48.11688227793825,58.41880760090407,error,69.95986810747578,59.48865647283605,58.765176703458856,54.0424929440872,66.2375165918482,49.25505149171128,56.78277107471845,42.67007920194827
Cell_890,Monocyte,Batch1,Healthy,65.89832235369428,40.78826160866292,51.35126308517301,51.29553841743568,54.220244701661784,41.92714581144165,57.74959252786065,68.19971027432987,46.739993703072294,,36.39779288855691,26.528822404824144,75.90274055524361,52.6180607157201,57.803704370089655,54.52682433009084,50.67638927231566,53.91195469617465,43.88575853367279,30.62464478325045
Cell_891,B-cell,Batch2,Disease,58.788217342205456,53.474769274057074,44.67613373798602,49.70078685657205,51.813258478498845,52.70914137849851,error,55.851207723296206,55.87102915917706,45.51459448822118,50.71283303821686,48.809881891680234,48.85385505725536,35.32296224954028,49.51155261933552,,error,48.43970372949022,40.56135220527424,53.37707256934905
Cell_892,Unknown,Batch3,Disease,57.054324994408056,44.78246599082737,error,47.50950667747506,48.01800252311471,66.94765004373059,51.82057425134317,49.75550582093221,37.38407333723428,55.97960847217483,error,52.19275486686241,35.15204058387987,35.48849008200034,61.11429666732395,47.1690750528458,47.36881230541132,40.389766325573916,50.30416478824738,70.24844740810163
Cell_893,B-cell,Batch3,Disease,53.11763091737736,38.36643863149104,59.870005324496944,42.88018766599746,48.45754122705137,48.86224848964461,63.607828719218986,48.02247120534947,62.6916670316014,47.23362647110478,61.45164833076066,29.3203437752791,51.632011350273565,44.41400011723089,39.982384566402565,54.20655222027716,48.96418675983425,66.75163229275014,68.43312629206875,56.13959484408799
Cell_894,T-cell,Batch2,Disease,36.6562161423899,36.20662831572709,67.58301862753595,51.186941794739546,57.92526749719288,53.00406221482382,52.9387374667605,52.5017641842551,46.4031821051971,63.04056834259387,42.64162531414124,60.27748058598145,49.486497520661594,,56.05064882399259,54.8664812315197,57.99406718821926,53.57690822468327,61.19575287393084,55.69363423554124
Cell_895,T-cell,Batch1,Disease,46.25405314352569,error,52.03056091739922,67.523671123182,55.65575029275939,40.839423089728065,48.44382173485226,43.967288871895356,,32.39825155681584,,48.29731146885311,53.8212191157208,40.81836891796941,53.15212441184092,36.13996616412459,47.673409024328265,59.5603692374929,46.26998961093716,39.863641959392346
Cell_896,B-cell,Batch2,Healthy,47.2607638742062,52.809632145951106,44.12824797023322,32.73334291015462,34.65700632598728,59.4166347035244,error,70.06972599445086,53.211232550992975,51.39872068394861,44.731130237660615,56.045901148506225,32.247975642986155,43.075858914117724,,40.45808869606135,40.4916071522216,51.39197622658951,26.990805131286677,
Cell_897,T-cell,Batch2,Healthy,50.262817103670436,50.33808029336181,44.98195243548945,68.92531586715242,40.48795350916563,60.88690748792466,47.33709547342604,68.25916710817641,42.97154594419882,47.58325660548202,43.427074273235576,65.03815992295804,56.33391321918718,39.265584653456,31.83541651813189,error,48.85391226907531,52.20076236769397,56.699558918377136,52.53636967143112
Cell_898,Monocyte,Batch1,Disease,50.87554650688895,57.0654106405757,48.61261058508989,62.701635972770546,42.59853451158946,44.91577974845416,46.74254669468584,60.50444254964313,49.282382975940074,55.05596639264803,65.55477684162653,50.19791712843055,45.924364685595506,40.150328640125196,53.19764886351021,55.87445327283598,58.336457379966596,51.73977875734814,62.426282811128104,37.916572791337586
Cell_899,Monocyte,Batch1,Disease,63.17618059616117,47.82723089917555,67.93433779578692,72.6546727072404,39.317349832189265,53.352411998674526,54.53029753292721,49.50608572697502,45.80029580137467,57.327796249912296,52.51835305166075,46.726315305278106,53.76968203259689,38.92354042007701,43.73344912415673,51.07555235693369,71.92114832906061,36.971184998604336,39.41535670130967,47.630249600200074
Cell_900,Monocyte,Batch2,Healthy,52.06259311792344,38.88809575227753,56.33133454987531,46.27996691626019,32.9351161000457,37.74171068176913,40.98492561671971,55.71209527578813,error,50.50140217559188,49.202591351265994,44.421016060189025,68.10015735050118,error,53.72277510475353,55.410479164031976,40.106565446759056,68.45858433334669,48.48533071653969,38.9869423357286
Cell_901,NK,Batch1,Healthy,45.410257156266695,,51.92255367606595,48.301316482843426,46.36399432120398,50.80148231011857,43.470840720310676,50.111459239886464,,56.749629212549785,53.04202962925603,51.33526990946509,51.97579853379231,47.794272206259194,38.04189942730219,39.29947009689139,64.23124825293348,64.90268582945208,53.39539591398198,28.051618753171642
Cell_902,T-cell,Batch3,Disease,51.2192454183435,66.22402875498587,50.49089489850304,49.654245353132524,46.161325596983595,41.99927114499107,41.74102091117823,43.323967361737196,39.31707141037782,46.987334793824736,46.27391987625394,35.541007806999126,42.743675817980915,,57.10840274625531,65.42879041878409,35.88121753168057,46.294904567080195,65.34966943865248,59.98548416095019
Cell_903,Unknown,Batch3,Healthy,,50.69170701479863,36.610112402892774,43.82345930615092,42.30527883849629,45.421375038306294,51.580444499931744,36.573014934725634,50.05690377349094,58.40725596948931,57.78313560039116,53.16530748662257,45.87816599921751,55.90091515004075,38.07840181835586,44.26265053894308,47.621694298871205,43.65158034553205,49.67268604170103,55.812850185023834
Cell_904,Monocyte,Batch3,Healthy,54.59796795195082,61.78362325949984,48.317270959816064,48.40157994262503,,41.45892306256869,40.188195610550636,59.37837463080434,57.67059150302646,48.513113421720206,error,45.785477053557244,,44.06557909758419,53.4620476205631,44.78598781028842,56.36129367872151,59.66694091625177,79.509705840651,57.73614130565517
Cell_905,NK,Batch1,Healthy,51.24094491029146,error,39.499051123005046,35.96544285391579,36.46776750183223,60.572137950502565,49.627759924313416,33.89682508908675,29.04510753202011,62.51684524635574,39.51609947542822,70.42384937347279,49.01702955044019,60.266684721267495,63.38421988431788,38.60357043584554,40.113718679689796,42.31709845221883,47.99846317091016,48.90968540035465
Cell_906,B-cell,Batch2,Healthy,54.29512958008149,31.33954812053325,35.25684959007839,25.81687753528103,47.95598909649677,32.8375704016499,69.78108727641089,46.994979994669684,48.15501464468714,40.90339188719548,47.793035513275285,45.95521294672362,40.30423662386069,36.77436096074845,34.010068914330375,42.11798536005332,44.29181717379623,58.455170117537236,error,36.0097833760013
Cell_907,B-cell,Batch1,Disease,31.967472632029118,54.00438006101066,48.50628321747271,27.139819313255707,39.33778618240522,47.598425505406574,44.46704559222229,52.28612956540369,56.85339871051136,41.98029320607442,49.79471612304494,54.902129154665175,51.833653673362036,43.98298787649964,23.2702657786393,56.81974038485857,60.971631606930536,58.67081683230481,46.00518135655645,error
Cell_908,Monocyte,Batch2,Disease,48.303650672270265,28.395231610571322,53.12985742024121,60.96695565806284,40.532321107539225,33.522942376614864,62.42539230574909,30.553553076741924,48.60236232621443,51.10222097150386,40.62608471331252,48.91926960723004,56.122296422993244,43.20290768968303,40.749041758813746,32.44063834180257,47.03525953362383,46.77493316171139,43.1277176304745,74.19418438848928
Cell_909,T-cell,Batch3,Disease,55.10642596028003,40.820158561898886,64.6708570505348,60.85620399994781,57.32725755384633,78.47420716662774,51.85036047942411,47.915412815527745,52.81113750139583,46.55606799296027,59.34687947527533,62.319124305732075,54.98542900643733,54.55924208241534,48.085273577158205,62.61981711210054,47.66547504333786,,48.101855447769445,49.331775922788154
Cell_910,Monocyte,Batch2,Healthy,25.583436378970326,42.469565870452136,59.645079354392166,46.759634429081906,error,68.15165420046432,49.49386776386455,57.52988866750844,34.86018247673712,50.65128288948711,52.28177963413847,47.601783749008725,53.44879806145704,81.99032304902735,56.594248907087135,56.72315484043918,56.98850642493876,53.4571484490905,59.40982006210519,43.4893919262025
Cell_911,Unknown,Batch1,Healthy,46.95593044782095,52.0460841374618,53.06035316285472,53.104084726795314,53.40291541701629,52.098449260043864,54.70243449700463,42.045321878967684,53.34187431892242,53.28160597049522,43.53403100509367,47.78751263739369,54.71758159673172,error,45.7998749124427,72.88676614702639,43.95903062915658,59.09056051063736,64.18824957674481,66.79507781729251
Cell_912,Monocyte,Batch3,Healthy,53.11339123225579,43.96517135806175,48.525332694192734,46.046856081487206,48.93498188381555,,35.62676763313759,,,58.84625255118512,53.5487106066612,57.25369623399075,47.18570872031048,36.60972154613337,52.97011859123198,62.503622090547275,59.61072964823505,60.446029628724986,60.11087852420078,57.24458788401148
Cell_913,T-cell,Batch3,Healthy,55.51018337506147,38.82332631386929,53.86945581649903,62.197979268662785,64.7152264379384,51.245810218781244,50.43961232183609,55.45457921092002,61.18813249196435,56.43078022554895,54.8602734722939,62.71731050096054,61.664587297837194,50.766714831893566,44.56843806314823,63.208438030652104,67.29988143441702,45.81137021380687,55.96369994076022,63.03033405835454
Cell_914,NK,Batch3,Healthy,,30.37478080363241,69.95731317511144,76.69736193887466,44.70655412785032,error,56.36137479239679,64.52982985245703,54.21655908951225,59.897491149390376,47.75874070106442,39.34381271784149,43.72908912534817,55.78012199660374,44.16099286587142,49.28284830683409,error,56.1557587511884,35.34823539154645,34.28006688441904
Cell_915,B-cell,Batch1,Healthy,34.87479791162936,,42.7878106751369,42.26110226359146,68.29644250993346,56.507114142556304,error,52.82205570069567,50.28860563123239,60.09177308154005,55.613759352205236,error,47.57842878295697,52.00705176873664,52.99941816025406,51.0904776106533,45.79751817679428,47.801399040748116,41.20616807193984,65.43786555854768
Cell_916,Monocyte,Batch2,Healthy,45.331006225172196,65.4692575379842,50.406392809449294,54.050577051658266,62.688847960415515,41.98928229488274,59.6512564318928,57.05526085083333,46.00036319180045,43.37698794648699,49.44508846161793,error,,46.60675855392367,49.70838511856145,,36.809088164312726,55.28239390695032,36.725246344924116,38.037571017871066
Cell_917,T-cell,Batch1,Disease,,57.95711429702593,55.208386756054054,52.15166102259308,52.264087183984984,42.189954934690334,61.65860997774505,44.97095942973089,error,51.86555178568061,69.892473813007,66.83595778551545,44.526931348310356,51.747590373241486,61.452880500033146,47.378499063663,43.184343661637264,35.35519979693568,47.71701569007196,49.93818533832177
Cell_918,Monocyte,Batch1,Disease,47.727880698492015,73.45180215612558,43.70668070531622,61.269544553912446,36.52634285873318,41.83878787567404,51.066507574694775,29.609951630007266,53.72430659661032,57.323243102187746,42.19972939072722,57.50242753974342,53.98840849886077,56.622639149785144,47.41497188861119,41.67215126997153,61.02493005913575,43.9759433037549,50.733249520315326,56.126358861627224
Cell_919,Monocyte,Batch2,Healthy,42.95282289351651,,55.654727366075186,48.801872131039204,47.83263336105348,40.31005644573098,,,53.259982422944006,53.50082398985508,68.42397147212967,61.595741940755005,50.907764967754936,,68.33691338532483,47.02557245599891,54.29927193406222,57.71639564265209,31.43807336742167,56.458076809650166
Cell_920,NK,Batch1,Disease,67.38150219959142,,46.98381581107499,50.88116056795237,40.29569509718962,48.03934738339356,46.14906276249096,51.13407539585301,56.71755506622264,58.53640554300067,65.76041922223081,41.66220098435673,42.28317338790813,43.313376681142614,,59.471940005932225,53.96299139760099,56.34728640450013,46.86267995290688,58.82606509900561
Cell_921,Monocyte,Batch3,Healthy,46.77207979136934,53.22657500422735,47.594891017506946,52.57218176306817,45.00798836917478,35.84904044707904,41.02100481363448,46.29671029484896,,52.66409756217845,62.74318142715461,54.447619615421665,59.474037568613745,,40.98804572831415,62.55496833935691,58.58141411314435,50.49922622778412,38.7490296862685,72.78537844994308
Cell_922,B-cell,Batch2,Healthy,37.779473865612,29.268891858147292,49.96226746499916,44.48148649352075,52.0074109116112,55.521421603010594,56.141833893807515,54.94991054840166,54.17200935216439,54.73433794267432,43.58152193497675,33.566176308162795,67.7371890367017,54.44860758650812,53.791319715623914,45.660565801374126,73.8690447342909,46.87763155106526,39.70056188434547,51.139481151754985
Cell_923,B-cell,Batch1,Disease,36.823355993117254,49.94173426700265,26.51363860654659,55.60959667142887,66.34786601567517,45.30443305467105,59.67950837707575,68.50864317034483,46.62275195696958,53.885272154309305,49.0682643688065,61.793418050136296,48.58557569623818,51.31484706567839,49.908126387451546,,50.20157350908085,55.11673608339516,58.37960329568577,51.96603470156856
Cell_924,Monocyte,Batch1,Healthy,47.089756319335265,50.98973545217202,54.525716168714155,58.542716861819535,45.13861593111731,43.293850123587866,62.167852193095435,53.812918749407615,45.00642790822256,54.02279611731527,47.47067050399305,39.53666884757276,55.411820209499126,62.311396273682604,error,40.62406488222756,65.95552988741191,31.576834895783755,45.653987013083814,40.492405373336595
Cell_925,B-cell,Batch3,Disease,71.4310545722585,53.34842188013171,39.56607557848153,48.26818492002195,46.50451964536435,45.598649394857894,56.42256599974028,49.790622142860684,36.94348325750876,,65.486138650159,41.799204177404775,37.54271944384773,28.503677198953305,52.18303802104419,63.376442876954286,40.800547189234955,52.06980454143836,46.98017953862161,72.60307471674386
Cell_926,B-cell,Batch2,Disease,50.1589866821909,45.750718992995616,50.8886344829971,48.93090539665493,42.04378338175291,51.83580195659261,23.98938707762854,56.05678405410856,49.485698858508854,41.56277376344385,46.56231829082728,62.11612768902381,59.76668972626288,38.9119195065166,44.170462001983466,,,42.97085721705633,53.946057430152734,38.7619348793734
Cell_927,NK,Batch2,Healthy,43.13938931102096,49.118541566038154,49.53211997270435,48.77774304673288,,39.49988309869987,53.30051942971601,61.67921439401822,50.27073766422413,48.30882587660072,40.40624524024579,33.44646557215181,47.50423427340051,52.75462278361094,46.139865627912044,51.90192392571115,58.32550201319218,57.22717471864785,50.06554541836173,54.56864767741596
Cell_928,Monocyte,Batch3,Disease,39.17209180260128,59.16925532825811,53.840482385607615,43.71267434447919,50.53761912686403,51.25776443643257,52.98804169571926,50.32967233097667,57.81044785351379,50.44112806518469,36.30941753859532,46.573849254587415,56.31234691589587,52.10906973112806,52.342523157835764,,50.987429480909235,43.464462545918686,45.32651541604227,49.64390432465383
Cell_929,T-cell,Batch2,Healthy,62.471342175054644,47.591859998454744,46.34828524629463,39.75632588099369,53.136776876262246,50.40266616814048,32.61873453846491,60.50645898735179,55.305589598318114,43.76567743943033,61.940602119917635,65.80879591787075,47.42139032812196,,38.58036630547552,52.89611073899033,60.898370533502046,56.8006634887391,,52.355357388499144
Cell_930,B-cell,Batch2,Disease,51.18625826138492,63.046735304083484,53.162911660645676,42.132300616044425,50.18800426980926,63.58840447567981,60.41663260490668,38.608682990508306,64.6373516319288,51.8787609587513,59.3506020158326,39.04696221006142,56.4383128039274,48.442155131479176,35.55666402382834,43.2115446826143,50.13274041891576,58.81552413213141,49.40912050862392,44.33495587940137
Cell_931,Unknown,Batch3,Healthy,56.07079539886335,41.0852369009022,,60.34030412020818,62.32041165484121,67.93597909929296,49.96450920613505,64.55153617422633,46.53010017300567,33.977824335972294,48.17303003408566,57.27719982931191,39.83862661249009,48.78437602933673,,50.50486663904724,46.727183535501275,56.66787370490458,23.314905145176038,
Cell_932,B-cell,Batch2,Healthy,46.08369832431858,,53.93895265988524,51.91098367692552,38.49673317502952,,70.55586306720643,error,37.32403638428428,54.45610724794132,41.504646215902945,33.668380674065574,64.54763539391774,59.527216085592116,68.31285580381297,,48.9210455781786,40.516122656379466,45.50078939110853,58.653176159240694
Cell_933,T-cell,Batch3,Healthy,50.90387062758885,48.293874941131904,36.48831649662925,67.08784780947084,,69.78300357951221,41.70173866764975,50.74830501338602,55.966147775439545,58.68325986531414,56.842926156463555,56.70950104704206,,56.22648595318173,,67.87046664415809,48.308805137947886,43.83758780870878,73.79449946603195,34.930109964588034
Cell_934,B-cell,Batch2,Healthy,error,49.30106247300645,53.30965021156877,55.21001774736041,42.03276836111506,,51.84936250060452,55.824650446471054,70.49862023485979,60.600570216434726,27.78463165028013,,41.91533853901211,38.150412800628956,50.6252487262274,59.18726765971108,41.82842190737629,60.84505112944781,29.526236071344893,61.5843687285042
Cell_935,NK,Batch2,Healthy,39.17856131950874,44.37446482234952,36.209065447978126,53.25386913563352,,43.24173013138522,57.00399603371592,48.44214107121618,64.81780073248486,51.41080810749788,29.81866873682212,error,35.7414824297764,46.89907718411881,56.41576167308275,30.370894172825434,32.7186630207854,40.94941178519319,50.330908770037915,51.78876207316502
Cell_936,Monocyte,Batch2,Healthy,65.41977788810331,44.47291605431375,49.390377734770155,42.547712180223556,52.92254686354445,58.9990423280686,59.884433862187905,55.290366686446035,,41.91814538132611,40.02764797457957,39.87356521733113,,,51.42667834959914,66.18055332884747,59.125074572057756,47.66102431965828,50.50839596271979,error
Cell_937,Monocyte,Batch1,Healthy,49.652422088460064,41.08981651843668,48.36335698472521,35.28719276440221,40.41319711543872,57.47327574622521,45.30586049770339,54.21947815011593,46.69645824636183,55.99009850010123,52.97081401506748,51.51374960398489,56.22947787023939,56.72886922760338,46.81829932195192,48.32233125184132,50.08880388624291,45.8953432169802,,49.42363647076848
Cell_938,T-cell,Batch1,Healthy,57.758377590531765,50.43956552016447,41.960800218511416,59.41280528676055,44.094680593771,61.155403742157475,40.22714152912372,60.21948566663082,39.69641829400203,59.556859401664354,34.15140258439176,42.07161929850096,26.412114431018008,47.08782379830242,66.61346768348622,45.838871277806405,44.18192871282446,46.69256415431401,32.14600007792866,62.51976458329612
Cell_939,Unknown,Batch2,Healthy,55.54587182944519,,47.89071269149152,,38.65747324760213,50.0643190957449,33.49156832164439,49.765347793212676,38.30654749328697,47.559100123407504,57.01086323167691,48.657445609636405,52.28966691811799,41.33959639848013,61.27077174600777,,56.173664821160585,60.221941665073714,36.059660229399825,52.50838353899105
Cell_940,Unknown,Batch3,Disease,,34.32261464193674,72.56594031398514,44.325897955321125,37.4569661378937,41.911660345345716,55.400205848886266,65.23226290675669,50.007436284292524,42.2638226885203,46.8689558593562,56.926889293781045,43.539600139614045,32.75280925636584,56.30253047872707,58.16449248586055,error,34.72012213399675,59.15684996491572,43.6288582372852
Cell_941,T-cell,Batch3,Disease,50.256134324935516,74.74858061734456,43.39518268081803,42.84702400435091,40.6257818709508,error,45.08122881111818,47.241925700645126,51.1269000317038,63.91609156946289,46.58382738328724,57.3506578745323,59.4332692486842,57.64429208558833,48.48898703960702,44.07534066513307,46.53421803535121,38.52065746093543,44.2113398360797,67.50898109666437
Cell_942,Unknown,Batch3,Disease,70.25518043250432,36.01515280276199,46.80804607873064,62.52382555213842,39.11172436808288,53.72880874330574,56.54462982261498,57.3292803123853,36.34431455572485,64.48860777312254,35.76834770848724,42.4318233613831,52.80827812786223,45.3165674773645,40.85048408533244,44.30209677320124,61.62210786776928,48.96064093842482,52.32266752736576,46.099685998998
Cell_943,B-cell,Batch2,Healthy,error,,35.599185578768974,45.9783998246028,,44.12487525207585,57.61980993026245,65.54493799845757,51.15966828392486,,46.483820539973905,50.00577406281507,40.00150615495063,34.96591577155078,46.23892441111782,46.60607290267621,53.54256821670398,52.00116773830384,49.02382580843649,41.168379168211374
Cell_944,NK,Batch3,Disease,50.17508661853445,37.84401824780861,58.46033430782967,54.395141671317994,39.906156425694334,46.093888036918244,error,49.92239400963635,48.96075456034715,,34.438401768705816,49.79733414716051,43.106733652966454,45.08872048492248,51.024063113220485,26.05714575235915,50.15822276558711,,error,45.76265702968892
Cell_945,NK,Batch3,Disease,,47.0953775133521,56.551902659818026,45.94933522113483,56.70214675343262,69.28064793603096,64.8518256860639,50.25952181459465,48.2070483931884,49.87366741359912,,39.4414713054746,56.57554517468055,35.38154941574508,36.76115807226285,35.13952708231413,38.33536667202604,42.22152439890297,65.65015056786338,38.588852904247496
Cell_946,Unknown,Batch3,Disease,57.30396609982836,57.13506429079013,42.783445533759625,40.595907394214436,49.904431396645364,53.4149714542932,49.14107245567189,43.67564618068805,64.25038702093346,63.149824109679074,61.3402335435392,37.23795384091105,,50.3202053220862,33.947495514826,45.215453922368546,66.15212921357886,53.56911604130006,59.43274391126194,33.80230861973129
Cell_947,B-cell,Batch2,Healthy,50.43754394269695,54.2559690379875,59.93358658029152,47.80130675177023,40.96647631426616,34.24424485216592,64.7671142286111,46.46712655881085,66.37259064514726,42.98447459861048,48.93458893144222,43.955336573523326,63.86202734840698,64.33470315135092,31.034270916465122,53.71291535438466,51.844819439998474,54.468523731681664,33.638960686427296,53.183643129847155
Cell_948,T-cell,Batch2,Disease,51.83806584876467,52.99092517507568,43.70133939770306,51.55290054103078,56.89189026213169,64.6593859979155,31.9605567316448,52.34313196681572,51.063082083199745,58.882143050671004,49.07167389459461,56.56068897187664,50.03022346223815,50.123071341103326,45.387325196804895,49.13856953152004,46.22870541728657,59.49111197620275,46.13931965360957,51.6718977714392
Cell_949,NK,Batch3,Disease,33.39300506119832,60.327392140811625,48.83235342215611,52.227011822048894,53.62095056306055,49.153559603630534,49.628547395642926,36.428976365747,55.70124310833366,54.038160294917965,63.65887035215145,51.46846070429653,58.93142359114216,58.40287689065855,53.37239766528471,38.57376162227495,error,47.8718312496887,49.49183567669788,46.57324448127548
Cell_950,B-cell,Batch2,Healthy,48.53808461272967,46.1213362556811,43.127779784396076,,63.228921781503594,37.11421179235487,35.95391437300527,error,43.15233642111217,40.47087238212066,64.86265112778781,47.417429071450975,45.18461755789353,48.03955644895721,43.794349354804794,67.98696431656685,63.28250150444815,64.1155681133668,58.46988072025844,36.1438030054312
Cell_951,B-cell,Batch1,Disease,56.30779950385054,51.02707286632437,37.04204893107571,37.77051874440091,60.66063927835186,54.89153988931875,44.70810412627641,50.66582863276152,47.21494349979187,61.580407657625,61.92268474568345,32.324645222250325,error,46.369340092874275,38.74603139087416,46.91951258034815,44.012139506228316,46.35680138071359,49.278506153844035,37.05939286067094
Cell_952,Unknown,Batch2,Healthy,47.864980312087354,46.42223775300595,47.68334706464977,37.2104193494696,54.15123115835818,45.515777473719396,30.96311748594697,50.96456344640695,51.92409948309085,55.742800969641,54.598442071856624,54.876334174269175,49.256999234398,44.795752128444335,49.10470484722203,57.170993374544906,54.17092658008907,error,40.233555222366995,
Cell_953,Monocyte,Batch1,Disease,33.83134279917506,75.73393605294156,54.47066906814585,40.18885896521705,49.69226945905835,,50.171509376566064,53.18550325627093,44.28126077761985,40.3251367326917,64.48458102601494,63.58520376195294,46.972313343743224,55.30269271319714,54.08994029312647,,55.22826496413098,69.99635093559132,55.77057711557818,50.32419474470378
Cell_954,Unknown,Batch2,Disease,55.000312323094924,36.491200170950606,54.60499430519441,48.545055049891864,39.78888290743435,48.74121105170473,52.37424164274334,40.01080816739075,55.070943351331536,,38.03089428242977,56.545448677730306,38.610932108901935,65.10760369787636,54.86688880884769,,48.72837250322128,50.17744357511788,43.55048521274163,39.20852194674299
Cell_955,B-cell,Batch1,Healthy,58.645734105274464,,55.20441800246104,38.150088463021376,47.09662162924686,42.21839518971816,31.576225066984147,,error,68.13899164861284,61.82579431807487,error,46.52140149073051,46.91471632357408,61.40778111227888,46.39306078698318,50.02757962339137,57.48140667734949,69.58444579689676,51.85734642362461
Cell_956,B-cell,Batch1,Disease,69.76676873190881,46.395515691485464,64.25242465006701,63.31040739586715,35.407622211367794,57.38450953667712,61.498487896507434,43.86011327283879,49.255360556335084,49.55935041531309,,38.50895953911176,52.65321913897604,48.75947243762247,57.02293054368837,44.535984146000374,52.50688251852329,55.90987019241098,43.712877914284405,51.33425059350936
Cell_957,Unknown,Batch3,Healthy,54.32101801698253,52.75522985833945,49.17902698168155,66.01613799419393,57.45767466808331,46.38410747945689,68.10771439938094,63.467834513631544,57.08161434273431,47.09971139586934,47.41007293924857,48.46869538738211,66.10843512885694,42.764618260347014,60.21049754017865,61.68205831477535,47.84974379471999,29.562114047459772,39.637864807467565,58.629266102822875
Cell_958,T-cell,Batch2,Disease,34.82044496523628,36.37853383751897,43.332320296593245,48.20250893698726,38.24513892532862,56.21983532678741,41.783709583682004,57.88591230062794,48.10612894955511,48.475820672969775,52.181862703227836,34.562641794724236,66.16097849250943,52.09286623886886,49.63942053934581,67.06922673661566,54.15491392260633,52.31326334110452,53.8112524476791,67.5658413617958
Cell_959,NK,Batch3,Disease,error,51.188592335425795,41.923457661831335,60.34111614955025,32.288203638160724,41.11753112804851,59.79164587617872,61.711391667803525,34.71398805938263,47.07827283273487,51.78387272966888,37.61125846838085,33.06899554259421,44.51598075106384,53.47364739737623,,62.2071556959318,45.58551682298588,35.09842665880088,
Cell_960,Unknown,Batch3,Healthy,36.971046929893916,55.68702732741296,36.94187858640977,51.11451734462128,40.295158641551076,57.18600702829741,47.40408683641856,54.46089117370692,64.85647734945425,,31.99974142653877,50.18882736678449,error,53.2609366372412,55.703554630709924,51.0690151364088,33.70541810739489,48.18350787806661,,70.40431498540488
Cell_961,Unknown,Batch1,Disease,66.25931617581145,60.18109166964727,54.204650693833756,37.917338121618776,40.889427662115324,55.34252840524207,62.530402698132704,,41.36143648675051,64.50256683296392,45.45739727896333,62.56909222776346,46.25917416855781,51.68274946664013,63.24987325873445,53.22617944162895,52.205714567376596,53.96703390889472,65.92979429010893,
Cell_962,Monocyte,Batch1,Healthy,47.024906806951336,44.64777034190908,62.97070068639489,54.87918478297756,35.16777787106131,57.19885800124925,50.82494530786332,47.26894596321411,46.259791248207755,44.15726728810235,43.80509797947923,56.685457109573456,48.984535664974985,42.33119461981329,52.16186772693591,46.32830021198207,error,40.7885967152512,29.946203170156398,error
Cell_963,Unknown,Batch3,Disease,44.136333249360234,32.10977312472983,48.29557002610645,63.69306232111771,46.31801517510574,57.80415082125628,75.73081078517309,50.37276344716321,52.39500048656922,40.53095476347877,63.02925783807926,37.22461705149317,73.25919536218966,55.05164906544839,64.31726976602403,46.860331467312314,55.63916072690124,45.87847449773793,60.633713642996945,50.11831109523203
Cell_964,Unknown,Batch2,Healthy,71.26951668607546,66.96883489346136,51.19615135773071,51.51198606114696,41.0576169241335,49.96314062248808,27.909976506703742,66.02661261188281,37.107111916077656,54.22727376752718,43.7718332510458,34.4154108292729,49.05019106016438,70.435049631508,53.784665237827376,44.7167221466851,41.703988795869336,33.29317351359886,46.49158431885285,59.33838876002442
Cell_965,T-cell,Batch3,Disease,61.48763719963202,,error,50.7925235726433,33.185292220491036,48.71142751911503,59.82279873992228,52.25696104687522,47.55692108224844,39.33467844894196,42.092801623141334,48.1450806730818,40.119058790646875,51.45684339096127,error,34.704142167341935,49.464488016385964,56.36669376702231,44.776218637736086,43.52123167972823
Cell_966,NK,Batch2,Disease,66.22053488763255,64.31416889511739,error,51.0689752398633,50.26849253845924,51.814983047367335,39.97829937109186,61.655192551047705,,40.35871504334564,41.10566712131713,,37.350718476808225,57.83154075069087,42.44077422146243,56.960305920468905,48.04892680467596,62.19552471049852,54.47854336000344,52.238740256449255
Cell_967,NK,Batch3,Disease,35.874030696540174,48.41489630377165,39.51319748928222,57.62476701031382,54.78277911614204,58.65950682679342,43.7549490490167,41.654883467810386,,40.11992528475085,50.57358211244383,47.94189500731162,,52.228081300399836,60.49682549397523,49.74109941731633,49.125767162822996,38.281217693065,34.961662116371556,32.7158006724597
Cell_968,NK,Batch3,Disease,30.347781544494094,46.523295988018305,52.76066314132864,52.770224145903036,50.083899289221144,66.73685965130461,37.328680239969536,31.80998760724796,63.23237290183703,61.629260149924306,42.89389731925148,62.164337605660315,36.02325665114839,,49.07096150062253,58.62156931345899,32.62658615831603,41.80511868797756,69.13459698409514,64.761894201542
Cell_969,NK,Batch3,Disease,56.26590706758932,58.40598956638598,50.074425082896155,49.38167516902769,63.147109518220475,58.842714444556854,38.57080714247645,45.53899068127342,51.25359169850666,45.767185760895906,53.35015506402529,48.85456938163388,51.29312352381805,60.645258319818005,48.006910480139695,43.53668041626958,43.724050735724816,,56.173299386040114,51.4630144709098
Cell_970,Unknown,Batch3,Healthy,41.94073538219611,error,50.98570841018952,,37.3509869043356,48.870076308054664,,,43.35212469833286,42.20632650082741,42.77173195064201,57.16794829764013,31.0427835631189,47.37975860723266,43.919726109656615,40.62043787030893,51.446108106081645,52.70022909484635,50.216850715900016,51.82369762581667
Cell_971,NK,Batch3,Disease,59.185751912848424,42.18248463657895,47.566852669444295,53.57378251888519,50.2643327622789,57.134893003424935,51.01286648853456,44.65018731001072,37.4502555326982,error,67.25700502489637,42.420044226483554,57.87445949382604,47.42060742573798,43.91278795908179,59.55566478575807,53.49817873073674,53.694558470971806,44.476977925628674,70.88218057820585
Cell_972,T-cell,Batch1,Healthy,47.58567024532983,49.01670123717629,55.79733925246622,49.139183643044944,71.79711464405258,44.09137447817105,53.92286859088876,45.40174441647323,error,30.920223202934906,67.67228802888629,42.900903095016474,56.87570293131905,65.62914507425789,53.7511649964605,60.53569832100973,64.94788771519126,57.286090231391356,39.28415221493127,29.518779449815277
Cell_973,Unknown,Batch3,Healthy,49.21112065171376,50.388917820153175,53.50111840481752,59.95292042575377,57.00033561027598,54.436304996071016,61.176398577375195,71.09377995929557,49.25290502488888,38.7863386758206,54.19414484512655,49.92747461748784,38.024555934078286,38.58550309515877,57.727787313479524,57.44643955547498,37.13749398429064,54.300472113831816,38.604999225422894,32.92698675757568
Cell_974,T-cell,Batch1,Disease,48.88647282911494,48.44282760385068,34.94530571111357,51.651926079164824,37.337983493593,58.54121929586232,46.417153438358284,71.46645378447704,58.15813518073422,48.4860428009276,38.57507580809305,52.707031092178056,46.524582151135775,45.29846177684892,37.43397719887733,64.31856226694055,39.39495096353188,48.193241027180115,57.05747291450318,44.913827955702885
Cell_975,Monocyte,Batch3,Healthy,40.454264748159225,50.87485555637006,54.0591035016874,68.64378225752095,40.1310525598455,37.95217846888136,59.321490083880725,60.81078622483598,50.44092027734543,33.576987594965686,69.02512753310265,42.00623604334673,44.87475159984972,42.15582750913966,error,,56.48615543778667,52.93237695219914,44.28220153511589,36.065635682499945
Cell_976,B-cell,Batch3,Healthy,44.760769880805924,30.86002811503302,43.0253973282008,38.015227292270694,56.353818009961536,45.07160572778834,44.99460496667544,28.587350760193033,54.09165894602092,50.04059532841045,40.407276538897214,53.01378004174216,48.45877087622424,36.37810235997112,56.864367050176156,40.418233654484396,38.04479596457062,56.795897480199876,50.554245538169255,58.70044951966891
Cell_977,T-cell,Batch2,Healthy,44.855357756994835,38.33642048671827,67.30028470188834,error,60.562914346372835,52.10920840488562,44.00350586637371,63.15269899731258,56.198711592549294,58.4220012502756,56.335181242389226,56.536328603554146,65.46319794083188,51.6735700104031,70.20150800460385,33.126885123449085,57.00061976186829,41.67987267894459,39.45179943076241,43.82500610298929
Cell_978,T-cell,Batch2,Healthy,51.612184068255424,47.588004071349566,,53.00463355326832,54.14329464734357,45.35012889514944,37.14676785735365,42.57882743913393,45.3722600105573,56.5703630709955,63.4550278417051,,37.38826384196135,39.30378944687045,45.78558479328364,57.808768649726254,54.06747670225322,71.7018801652341,40.94000002903033,66.8088324973836
Cell_979,Monocyte,Batch1,Healthy,,30.8349666395133,35.757140534344316,61.43338366123789,59.34645527474078,55.0929128008548,43.17297852492337,,31.399521489710953,72.04960996435473,,57.51830939260952,26.62117471788656,67.71157042949014,58.207782005195234,49.37374971205362,45.95471736007349,,52.72752769997861,56.58193067942688
Cell_980,T-cell,Batch1,Disease,62.09352709286502,59.487436904493954,45.03558304803572,53.48382698440727,55.786236903869245,error,47.17397324914616,62.756176653647785,44.97024138652284,55.90060085599886,44.211508116786845,60.08345696290997,46.29852606716216,,,53.4281141189718,45.540601169238144,67.80457128006475,,71.34277772178167
Cell_981,T-cell,Batch3,Disease,,55.26656911852764,68.6286250587577,42.20496925079825,51.05538383922115,40.11941515725594,error,54.92488720681603,52.72734099161588,59.25409218991496,53.30317313983251,55.26121448233638,,66.79631523988863,64.23941463918025,51.43673865087842,51.532376112795795,42.84955731734536,47.49594334132502,36.50895946216892
Cell_982,Monocyte,Batch1,Disease,60.23860221214315,64.26292974859432,38.27640036058834,51.6701741377306,54.04857222980867,36.196166115871364,error,54.15823463246143,50.75139209767675,43.26124373644183,41.52575182711317,60.768107579027536,37.93505279495738,error,40.752440536620995,50.122107154766375,43.28902682461895,64.7516452823522,45.65863837801993,52.01400008494734
Cell_983,NK,Batch2,Disease,61.066849332282125,57.48105603061643,error,65.89860984515583,45.03512809436233,59.098309979726665,41.84396007136033,51.83146601040979,42.530796398957285,47.51767623307144,56.923388565164785,54.585805843118486,46.79444339858931,error,45.91085748864022,56.347315700433924,31.19740299333221,57.59348073519856,33.92489995211166,44.641689205111206
Cell_984,Unknown,Batch2,Healthy,46.673880945020635,37.366819857605776,46.40876402744625,51.20108395145703,48.405510622776525,56.71268376051954,36.74875259261405,61.22403018113836,49.437736265257676,65.03215882870107,49.613139481278196,40.12613416677565,43.34276159280933,44.52210842261357,48.68480593229831,54.66468844937076,45.031009998821176,60.89148570330359,69.31850209101154,55.98802545232137
Cell_985,Monocyte,Batch2,Healthy,41.165111737731166,,63.49597362058304,62.137638078354925,49.31304809783952,63.55110963586584,51.051434829773584,34.87091642300155,69.26382776206073,56.00927083383204,41.45315972599337,44.349772931272874,51.40602851494191,40.039347792175576,57.532571405797256,61.2393858517634,44.49691492011502,35.304110715487084,63.691674896600354,47.87837100675431
Cell_986,T-cell,Batch3,Healthy,46.99378720750291,43.080201947940814,41.02028346383884,65.88635460498985,57.694537265881905,35.459862198395896,56.028945776685006,50.70803042306023,39.805591573464625,44.44156106429231,53.299321856138285,46.931438337860875,48.29708847411567,51.78596338145137,51.25308637119643,51.4973596749778,26.10568915033451,49.802868213627356,45.60949917701881,37.17284065866867
Cell_987,Unknown,Batch2,Disease,31.119131627599067,51.91948488997647,62.503276207249655,59.647956714893894,49.169631921072536,59.79261909455478,59.08077142437226,45.515029981224714,46.18111005782416,50.98852349619892,53.650905849420965,62.965732871374314,,58.08534024183156,,54.47961119549165,49.09881776735131,48.4667024609732,38.8436438164748,42.10431898381361
Cell_988,Monocyte,Batch3,Disease,53.85161755483386,65.37100573127069,49.25089267890816,46.96852307669276,27.688404414368986,53.676822656229284,49.95075779365355,44.76193216516362,46.05514594495641,50.83363024584283,37.22210649402443,47.0462844953891,45.645023344730944,55.70791215684399,,54.748467183620285,45.91212579554493,40.54251840898203,65.10964104979985,53.69252317901366
Cell_989,Unknown,Batch1,Disease,error,43.73106197017061,50.210094313983745,53.07512824177245,49.49201751694433,67.53275157259868,46.0287297414703,41.782721362714454,40.1075209013697,47.12848163801994,38.969862230120455,48.28075865104358,49.72327276094876,,54.38881257059073,61.30306565471634,33.823437071665836,42.59652407469606,42.50084755694367,39.47230553109587
Cell_990,B-cell,Batch2,Healthy,,47.38883349289446,42.684690554324185,55.479251783056455,,48.388209785090595,47.46736795773948,43.40064845689092,58.189121742626384,58.834978573788725,37.9442272658851,60.73441822748742,51.57333696560523,51.62535975101467,44.68294809996704,57.39330740773995,31.61059574588899,58.41040042069107,49.96564593397957,57.81724627981047
Cell_991,T-cell,Batch1,Disease,48.64276941573932,44.337881024279646,47.72982300593948,56.540872242828186,46.55283477081149,64.49067767052021,error,38.25559543206301,47.14257774465989,74.99618905100661,48.01052938987098,52.634551937741904,52.13791700010319,64.88369091216633,32.72507227757157,51.48962543451111,47.53430628454916,41.58549105273677,56.971385225033764,46.82543527193774
Cell_992,Monocyte,Batch3,Disease,34.58869821126367,55.594638214961776,52.518710205396275,39.36079967430853,43.21671304971771,46.18014190815882,54.56972076036333,53.45648666623298,60.906300707161876,43.0053647807471,53.47387085104923,44.62674981574407,44.14998040789528,33.279142032734924,46.645394027385315,45.10665014243878,23.71931016453299,44.12274411503541,,43.81484711248509
Cell_993,B-cell,Batch2,Disease,36.91258596815376,28.97054056947829,43.04356083794317,43.62218947540921,37.66723181228899,error,42.41279884418341,54.03635135724967,47.69374303178995,48.85367428226538,53.25392120663902,50.628369636826086,48.26154629280208,57.70770791508881,41.556223740318615,42.16070323092772,40.38016597988421,66.62396552833694,46.23592175579519,47.19612918845389
Cell_994,T-cell,Batch3,Disease,56.495584568917586,33.759134929938426,39.77134202409431,43.02785064284561,45.33737949304647,error,error,53.48385622937597,54.31008666134002,57.93914616538618,49.66252106989346,51.42801658010648,53.15487164222409,54.198877923335544,45.68064781541627,55.02774558063835,,54.361400384921055,error,52.57944456208027
Cell_995,NK,Batch3,Healthy,47.56661317447722,61.9685477636521,66.16225282674839,49.4117388374203,53.52735866618639,67.08088810693314,54.410713824232076,46.914547460048865,,36.43413623781811,41.26412918017356,26.56207032658247,62.698684544646824,38.95241514228438,56.47556458410185,38.32974917433229,41.49568730651752,36.57976870803856,43.128214704231496,
Cell_996,B-cell,Batch2,Disease,34.82167776403673,41.94083820310078,51.803844956957214,44.57506955420868,59.10662595125581,49.52399110438214,32.007805156905484,54.63671203237717,24.430163671960152,36.04747893467945,47.3725717043801,47.978588532461146,60.994940127649414,,,41.3520509240796,57.87170780958734,33.410174400741596,,47.154273647900915
Cell_997,NK,Batch2,Disease,56.37878099419018,70.3609715731739,61.90136290235773,37.22059362672451,,59.48883479931911,51.8526757462227,46.742255822168055,40.889583704996156,48.06708638049276,36.91488934775403,65.51612771194729,73.99376761887778,54.263417280004205,57.52102928921088,47.23175523047688,48.12121699626393,52.78248590998949,46.494833876793315,42.150260363969565
Cell_998,T-cell,Batch1,Healthy,,47.75093661785418,71.80468247993687,41.35003065781861,40.89682028149983,error,51.72597387302008,error,46.48444618990182,33.970485387820105,46.64252561327884,61.01112745724624,50.49058215306405,37.884669663879265,52.05586736304042,39.63374250333047,59.49797896722681,48.238712770137624,72.62636457721405,53.19840268634935
Cell_999,T-cell,Batch3,Disease,49.07303854191358,49.66213604786248,58.22385829884759,40.35210071248416,60.28920764154873,50.41336397012268,63.59522444076914,,43.284707264114566,error,48.15785971026564,41.407292620655106,67.1554572552374,,62.06792544511251,65.78287248070882,59.33658337881546,34.42602710678447,57.85067956640368,52.67296184759111
